STATION,DATE,LATITUDE,LONGITUDE,ELEVATION,NAME,CDSD,CDSD_ATTRIBUTES,CLDD,CLDD_ATTRIBUTES,DP01,DP01_ATTRIBUTES,DP10,DP10_ATTRIBUTES,DP1X,DP1X_ATTRIBUTES,DT00,DT00_ATTRIBUTES,DT32,DT32_ATTRIBUTES,DX32,DX32_ATTRIBUTES,DX70,DX70_ATTRIBUTES,DX90,DX90_ATTRIBUTES,DYNT,DYNT_ATTRIBUTES,DYXP,DYXP_ATTRIBUTES,DYXT,DYXT_ATTRIBUTES,EMNT,EMNT_ATTRIBUTES,EMXP,EMXP_ATTRIBUTES,EMXT,EMXT_ATTRIBUTES,HDSD,HDSD_ATTRIBUTES,HTDD,HTDD_ATTRIBUTES,PRCP,PRCP_ATTRIBUTES,TAVG,TAVG_ATTRIBUTES,TMAX,TMAX_ATTRIBUTES,TMIN,TMIN_ATTRIBUTES
AGM00060402,1973-03-01,36.712,5.07,6.1,"SOUMMAM, AG",,,0.0,"3,S",,,,,,,0.0,"2,S",0.0,"2,S",0.0,"3,S",1.0,"3,S",0.0,"3,S",19730315.0,"+,2,S",,,19730306.0,",3,S",3.0,"2,S,15,+",,,22.0,"3,S,06,",,,213.3,"3,S",,,1.0699999999999998,"3,S",1.4789999999999999,"3,,,S",0.662,"2,,,S"
AGM00060402,1973-04-01,36.712,5.07,6.1,"SOUMMAM, AG",,,,,,,,,,,0.0,"4,S",0.0,"4,S",0.0,"3,S",5.0,"3,S",0.0,"3,S",19730411.0,",4,S",,,19730407.0,",3,S",4.0,"4,S,11,",,,29.0,"3,S,07,",,,,,,,1.387,"6,S",1.8739999999999999,"3,,,S",0.9,"4,,,S"
AGM00060402,1973-07-01,36.712,5.07,6.1,"SOUMMAM, AG",,,,,,,,,,,0.0,"3,S",0.0,"3,S",0.0,"4,S",27.0,"4,S",2.0,"4,S",19730731.0,",3,S",,,19730705.0,",4,S",14.0,"3,S,31,",,,37.0,"4,S,05,",,,,,,,2.38,"6,S",2.807,"4,,,S",1.954,"3,,,S"
AGM00060402,1973-08-01,36.712,5.07,6.1,"SOUMMAM, AG",,,,,,,,,,,0.0,"5,S",0.0,"5,S",0.0,"3,S",28.0,"3,S",2.0,"3,S",19730811.0,",5,S",,,19730824.0,"+,3,S",16.0,"5,S,11,",,,36.0,"3,S,24,+",,,,,,,2.4210000000000003,"6,S",2.843,"3,,,S",2.0,"5,,,S"
AGM00060402,1973-10-01,36.712,5.07,6.1,"SOUMMAM, AG",,,,,,,,,,,0.0,"5,S",0.0,"5,S",0.0,"3,S",18.0,"3,S",1.0,"3,S",19731031.0,"+,5,S",,,19731016.0,",3,S",10.0,"5,S,31,+",,,33.0,"3,S,16,",,,,,,,1.8829999999999998,"6,S",2.2960000000000003,"3,,,S",1.4689999999999999,"5,,,S"
AGM00060402,1973-11-01,36.712,5.07,6.1,"SOUMMAM, AG",,,3.5,"4,S",,,,,,,0.0,"3,S",0.0,"3,S",0.0,"3,S",7.0,"3,S",0.0,"3,S",19731122.0,",3,S",,,19731105.0,",3,S",2.0,"3,S,22,",,,27.0,"3,S,05,",,,99.7,"3,S",,,1.463,"4,S",1.9809999999999999,"3,,,S",0.944,"3,,,S"
AGM00060402,1974-01-01,36.712,5.07,6.1,"SOUMMAM, AG",0.0,S,0.0,"2,S",,,,,,,0.0,"1,S",0.0,"1,S",0.0,"1,S",0.0,"1,S",0.0,"1,S",19740126.0,"+,1,S",,,19740107.0,",1,S",4.0,"1,S,26,+",,,21.0,"1,S,07,",,,167.7,"1,S",,,1.2429999999999999,"2,S",1.6670000000000003,"1,,,S",0.82,"1,,,S"
AGM00060402,1974-06-01,36.712,5.07,6.1,"SOUMMAM, AG",,,71.2,"1,S",,,,,,,0.0,",S",0.0,",S",0.0,"1,S",29.0,"1,S",0.0,"1,S",19740613.0,",,S",,,19740628.0,",1,S",12.0,",S,13,",,,30.0,"1,S,28,",,,0.3,"1,S",,,2.08,"1,S",2.479,"1,,,S",1.6800000000000002,",,,S"
AGM00060402,1974-07-01,36.712,5.07,6.1,"SOUMMAM, AG",,,121.7,"3,S",,,,,,,0.0,"1,S",0.0,"1,S",0.0,"2,S",29.0,"2,S",1.0,"2,S",19740730.0,"+,1,S",,,19740714.0,",2,S",15.0,"1,S,30,+",,,33.0,"2,S,14,",0.0,S,0.0,"2,S",,,2.27,"3,S",2.7239999999999998,"2,,,S",1.8170000000000002,"1,,,S"
AGM00060402,1974-08-01,36.712,5.07,6.1,"SOUMMAM, AG",,,164.7,",S",,,,,,,0.0,",S",0.0,",S",0.0,",S",31.0,",S",2.0,",S",19740826.0,",,S",,,19740820.0,",,S",16.0,",S,26,",,,37.0,",S,20,",0.0,S,0.0,",S",,,2.3649999999999998,",S",2.842,",,,S",1.887,",,,S"
AGM00060402,1974-09-01,36.712,5.07,6.1,"SOUMMAM, AG",,,,,,,,,,,0.0,"4,S",0.0,"4,S",0.0,"3,S",27.0,"3,S",2.0,"3,S",19740930.0,"+,4,S",,,19740918.0,",3,S",15.0,"4,S,30,+",,,38.0,"3,S,18,",,,,,,,2.34,"6,S",2.819,"3,,,S",1.862,"4,,,S"
AGM00060402,1974-10-01,36.712,5.07,6.1,"SOUMMAM, AG",,,18.8,"5,S",,,,,,,0.0,"3,S",0.0,"3,S",0.0,"3,S",13.0,"3,S",0.0,"3,S",19741030.0,",3,S",,,19741004.0,",3,S",8.0,"3,S,30,",,,32.0,"3,S,04,",,,38.5,"3,S",,,1.738,"5,S",2.136,"3,,,S",1.339,"3,,,S"
AGM00060402,1974-11-01,36.712,5.07,6.1,"SOUMMAM, AG",,,5.3,"5,S",,,,,,,0.0,"4,S",0.0,"4,S",0.0,"3,S",9.0,"3,S",0.0,"3,S",19741121.0,"+,4,S",,,19741120.0,",3,S",7.0,"4,S,21,+",,,28.0,"3,S,20,",,,81.2,"3,S",,,1.524,"5,S",2.044,"3,,,S",1.004,"4,,,S"
AGM00060402,1974-12-01,36.712,5.07,6.1,"SOUMMAM, AG",,,,,,,,,,,0.0,"5,S",0.0,"5,S",0.0,"4,S",0.0,"4,S",0.0,"4,S",19741224.0,"+,5,S",,,19741229.0,",4,S",5.0,"5,S,24,+",,,19.0,"4,S,29,",,,,,,,1.137,"8,S",1.574,"4,,,S",0.7,"5,,,S"
AGM00060402,1975-02-01,36.712,5.07,6.1,"SOUMMAM, AG",,,0.0,"2,S",,,,,,,0.0,"1,S",0.0,"1,S",0.0,"1,S",0.0,"1,S",0.0,"1,S",19750228.0,",1,S",,,19750211.0,"+,1,S",2.0,"1,S,28,",,,21.0,"1,S,11,+",,,171.7,"1,S",,,1.176,"2,S",1.6149999999999998,"1,,,S",0.737,"1,,,S"
AGM00060402,1975-03-01,36.712,5.07,6.1,"SOUMMAM, AG",,,1.2,"4,S",,,,,,,0.0,"2,S",0.0,"2,S",0.0,"2,S",2.0,"2,S",0.0,"2,S",19750325.0,",2,S",,,19750329.0,",2,S",3.0,"2,S,25,",,,29.0,"2,S,29,",,,153.2,"2,S",,,1.26,"4,S",1.738,"2,,,S",0.783,"2,,,S"
AGM00060402,1975-04-01,36.712,5.07,6.1,"SOUMMAM, AG",,,0.2,"4,S",,,,,,,0.0,"3,S",0.0,"3,S",0.0,"3,S",2.0,"3,S",0.0,"3,S",19750402.0,",3,S",,,19750425.0,"+,3,S",3.0,"3,S,02,",,,23.0,"3,S,25,+",,,120.3,"3,S",,,1.367,"4,S",1.807,"3,,,S",0.9259999999999999,"3,,,S"
AGM00060402,1975-05-01,36.712,5.07,6.1,"SOUMMAM, AG",,,8.2,"4,S",,,,,,,0.0,"2,S",0.0,"2,S",0.0,"3,S",6.0,"3,S",0.0,"3,S",19750509.0,"+,2,S",,,19750518.0,",3,S",8.0,"2,S,09,+",,,32.0,"3,S,18,",,,50.2,"3,S",,,1.6600000000000001,"4,S",2.089,"3,,,S",1.231,"2,,,S"
AGM00060402,1975-06-01,36.712,5.07,6.1,"SOUMMAM, AG",,,49.7,"1,S",,,,,,,0.0,"1,S",0.0,"1,S",0.0,"1,S",28.0,"1,S",0.0,"1,S",19750605.0,",1,S",,,19750629.0,",1,S",10.0,"1,S,05,",,,29.0,"1,S,29,",,,12.8,"1,S",,,1.9600000000000002,"1,S",2.4,"1,,,S",1.5210000000000001,"1,,,S"
AGM00060402,1975-07-01,36.712,5.07,6.1,"SOUMMAM, AG",,,166.8,"2,S",,,,,,,0.0,",S",0.0,",S",0.0,"2,S",29.0,"2,S",3.0,"2,S",19750706.0,",,S",,,19750717.0,",2,S",13.0,",S,06,",,,39.0,"2,S,17,",0.0,S,0.0,"2,S",,,2.4059999999999997,"2,S",2.9,"2,,,S",1.9129999999999998,",,,S"
AGM00060402,1975-08-01,36.712,5.07,6.1,"SOUMMAM, AG",,,169.8,"5,S",,,,,,,0.0,"2,S",0.0,"2,S",0.0,"3,S",28.0,"3,S",4.0,"3,S",19750826.0,",2,S",,,19750815.0,",3,S",15.0,"2,S,26,",,,38.0,"3,S,15,",0.0,S,0.0,"3,S",,,2.48,"5,S",2.9539999999999997,"3,,,S",2.007,"2,,,S"
AGM00060402,1975-09-01,36.712,5.07,6.1,"SOUMMAM, AG",,,157.3,"1,S",,,,,,,0.0,"1,S",0.0,"1,S",0.0,"1,S",29.0,"1,S",3.0,"1,S",19750913.0,",1,S",,,19750914.0,",1,S",15.0,"1,S,13,",,,35.0,"1,S,14,",0.0,S,0.0,"1,S",,,2.3760000000000003,"1,S",2.793,"1,,,S",1.959,"1,,,S"
AGM00060402,1975-10-01,36.712,5.07,6.1,"SOUMMAM, AG",,,,,,,,,,,0.0,"3,S",0.0,"3,S",0.0,"4,S",26.0,"4,S",0.0,"4,S",19751030.0,"+,3,S",,,19751031.0,"+,4,S",10.0,"3,S,30,+",,,27.0,"4,S,31,+",,,,,,,1.879,"6,S",2.426,"4,,,S",1.332,"3,,,S"
AGM00060402,1975-11-01,36.712,5.07,6.1,"SOUMMAM, AG",,,3.2,"4,S",,,,,,,0.0,"4,S",0.0,"4,S",0.0,"1,S",7.0,"1,S",0.0,"1,S",19751130.0,"+,4,S",,,19751113.0,",1,S",8.0,"4,S,30,+",,,28.0,"1,S,13,",,,97.8,"1,S",,,1.462,"4,S",1.8969999999999998,"1,,,S",1.027,"4,,,S"
AGM00060402,1976-03-01,36.712,5.07,6.1,"SOUMMAM, AG",,,,,,,,,,,0.0,"4,S",0.0,"4,S",0.0,"4,S",1.0,"4,S",0.0,"4,S",19760324.0,"+,4,S",,,19760308.0,",4,S",5.0,"4,S,24,+",,,24.0,"4,S,08,",,,,,,,1.22,"7,S",1.707,"4,,,S",0.733,"4,,,S"
AGM00060402,1976-04-01,36.712,5.07,6.1,"SOUMMAM, AG",,,0.3,"4,S",,,,,,,0.0,"1,S",0.0,"1,S",0.0,"4,S",5.0,"4,S",0.0,"4,S",19760426.0,",1,S",,,19760417.0,"+,4,S",5.0,"1,S,26,",,,24.0,"4,S,17,+",,,109.5,"4,S",,,1.426,"4,S",1.8649999999999998,"4,,,S",0.986,"1,,,S"
AGM00060402,1976-05-01,36.712,5.07,6.1,"SOUMMAM, AG",,,6.7,"3,S",,,,,,,0.0,"3,S",0.0,"3,S",0.0,",S",12.0,",S",0.0,",S",19760505.0,"+,3,S",,,19760525.0,",,S",8.0,"3,S,05,+",,,30.0,",S,25,",,,50.5,",S",,,1.705,"3,S",2.1420000000000003,",,,S",1.268,"3,,,S"
AGM00060402,1976-06-01,36.712,5.07,6.1,"SOUMMAM, AG",,,57.5,"5,S",,,,,,,0.0,"3,S",0.0,"3,S",0.0,"3,S",25.0,"3,S",0.0,"3,S",19760607.0,"+,3,S",,,19760602.0,",3,S",10.0,"3,S,07,+",,,30.0,"3,S,02,",,,3.8,"3,S",,,2.041,"5,S",2.4850000000000003,"3,,,S",1.596,"3,,,S"
AGM00060402,1976-10-01,36.712,5.07,6.1,"SOUMMAM, AG",,,,,,,,,,,0.0,"4,S",0.0,"4,S",0.0,"4,S",16.0,"4,S",0.0,"4,S",19761027.0,",4,S",,,19761023.0,"+,4,S",9.0,"4,S,27,",,,27.0,"4,S,23,+",,,,,,,1.8190000000000002,"7,S",2.2670000000000003,"4,,,S",1.3699999999999999,"4,,,S"
AGM00060402,1976-11-01,36.712,5.07,6.1,"SOUMMAM, AG",,,,,,,,,,,0.0,"5,S",0.0,"5,S",0.0,"5,S",4.0,"5,S",0.0,"5,S",19761127.0,"+,5,S",,,19761110.0,"+,5,S",6.0,"5,S,27,+",,,22.0,"5,S,10,+",,,,,,,1.31,"7,S",1.7120000000000002,"5,,,S",0.908,"5,,,S"
AGM00060402,1976-12-01,36.712,5.07,6.1,"SOUMMAM, AG",,,1.5,"3,S",,,,,,,0.0,"2,S",0.0,"2,S",0.0,"2,S",5.0,"2,S",0.0,"2,S",19761213.0,",2,S",,,19761209.0,",2,S",4.0,"2,S,13,",,,25.0,"2,S,09,",,,125.8,"2,S",,,1.3900000000000001,"3,S",1.845,"2,,,S",0.9339999999999999,"2,,,S"
AGM00060402,1977-01-01,36.712,5.07,6.1,"SOUMMAM, AG",0.0,S,0.0,"1,S",,,,,,,0.0,"1,S",0.0,"1,S",0.0,",S",3.0,",S",0.0,",S",19770118.0,",1,S",,,19770127.0,",,S",4.0,"1,S,18,",,,23.0,",S,27,",,,160.5,",S",,,1.299,"1,S",1.671,",,,S",0.9269999999999999,"1,,,S"
AGM00060402,1977-02-01,36.712,5.07,6.1,"SOUMMAM, AG",0.0,S,0.0,"2,S",,,,,,,0.0,"2,S",0.0,"2,S",0.0,"1,S",3.0,"1,S",0.0,"1,S",19770216.0,",2,S",,,19770221.0,",1,S",4.0,"2,S,16,",,,24.0,"1,S,21,",,,120.7,"1,S",,,1.3699999999999999,"2,S",1.8739999999999999,"1,,,S",0.865,"2,,,S"
AGM00060402,1977-06-01,36.712,5.07,6.1,"SOUMMAM, AG",,,45.0,"5,S",,,,,,,0.0,"4,S",0.0,"4,S",0.0,"1,S",25.0,"1,S",0.0,"1,S",19770615.0,"+,4,S",,,19770608.0,",1,S",12.0,"4,S,15,+",,,30.0,"1,S,08,",,,8.8,"1,S",,,1.988,"5,S",2.445,"1,,,S",1.5310000000000001,"4,,,S"
AGM00060402,1977-08-01,36.712,5.07,6.1,"SOUMMAM, AG",,,,,,,,,,,0.0,"4,S",0.0,"4,S",0.0,"5,S",26.0,"5,S",0.0,"5,S",19770830.0,",4,S",,,19770817.0,",5,S",13.0,"4,S,30,",,,32.0,"5,S,17,",,,,,,,2.269,"7,S",2.712,"5,,,S",1.826,"4,,,S"
AGM00060402,1977-09-01,36.712,5.07,6.1,"SOUMMAM, AG",,,,,,,,,,,0.0,"3,S",0.0,"3,S",0.0,"3,S",27.0,"3,S",0.0,"3,S",19770930.0,"+,3,S",,,19770916.0,",3,S",13.0,"3,S,30,+",,,31.0,"3,S,16,",,,,,,,2.1149999999999998,"6,S",2.607,"3,,,S",1.6219999999999999,"3,,,S"
AGM00060402,1977-10-01,36.712,5.07,6.1,"SOUMMAM, AG",,,79.8,"5,S",,,,,,,0.0,"4,S",0.0,"4,S",0.0,"2,S",29.0,"2,S",3.0,"2,S",19771002.0,",4,S",,,19771006.0,",2,S",12.0,"4,S,02,",,,34.0,"2,S,06,",,,2.0,"2,S",,,2.134,"5,S",2.69,"2,,,S",1.5779999999999998,"4,,,S"
AGM00060402,1978-05-01,36.712,5.07,6.1,"SOUMMAM, AG",,,9.3,"4,S",,,,,,,0.0,"2,S",0.0,"2,S",0.0,"3,S",13.0,"3,S",0.0,"3,S",19780512.0,"+,2,S",,,19780504.0,"+,3,S",8.0,"2,S,12,+",,,30.0,"3,S,04,+",,,49.8,"3,S",,,1.707,"4,S",2.2039999999999997,"3,,,S",1.21,"2,,,S"
AGM00060402,1978-06-01,36.712,5.07,6.1,"SOUMMAM, AG",,,58.8,"4,S",,,,,,,0.0,"4,S",0.0,"4,S",0.0,"2,S",27.0,"2,S",1.0,"2,S",19780601.0,",4,S",,,19780608.0,",2,S",11.0,"4,S,01,",,,36.0,"2,S,08,",,,3.5,"2,S",,,2.04,"4,S",2.5,"2,,,S",1.581,"4,,,S"
AGM00060402,1978-08-01,36.712,5.07,6.1,"SOUMMAM, AG",,,162.7,"3,S",,,,,,,0.0,"2,S",0.0,"2,S",0.0,"2,S",29.0,"2,S",2.0,"2,S",19780809.0,",2,S",,,19780830.0,"+,2,S",16.0,"2,S,09,",,,33.0,"2,S,30,+",,,0.0,"2,S",,,2.414,"3,S",2.866,"2,,,S",1.9620000000000002,"2,,,S"
AGM00060402,1978-11-01,36.712,5.07,6.1,"SOUMMAM, AG",,,0.0,"5,S",,,,,,,0.0,"4,S",0.0,"4,S",0.0,"1,S",2.0,"1,S",0.0,"1,S",19781128.0,"+,4,S",,,19781111.0,",1,S",5.0,"4,S,28,+",,,23.0,"1,S,11,",,,107.3,"1,S",,,1.395,"5,S",1.893,"1,,,S",0.8960000000000001,"4,,,S"
AGM00060402,1979-06-01,36.712,5.07,6.1,"SOUMMAM, AG",,,,,,,,,,,0.0,"5,S",0.0,"5,S",0.0,"4,S",26.0,"4,S",2.0,"4,S",19790620.0,"+,5,S",,,19790629.0,",4,S",13.0,"5,S,20,+",,,37.0,"4,S,29,",,,,,,,2.192,"7,S",2.619,"4,,,S",1.764,"5,,,S"
AGM00060402,1979-10-01,36.712,5.07,6.1,"SOUMMAM, AG",,,,,,,,,,,0.0,"4,S",0.0,"4,S",0.0,"2,S",24.0,"2,S",0.0,"2,S",19791031.0,",4,S",,,19791016.0,",2,S",10.0,"4,S,31,",,,32.0,"2,S,16,",,,,,,,1.9620000000000002,"6,S",2.4170000000000003,"2,,,S",1.5070000000000001,"4,,,S"
AGM00060402,1980-01-01,36.712,5.07,6.1,"SOUMMAM, AG",,,,,,,,,,,0.0,"4,S",0.0,"4,S",0.0,"5,S",0.0,"5,S",0.0,"5,S",19800111.0,",4,S",,,19800128.0,"+,5,S",1.0,"4,S,11,",,,21.0,"5,S,28,+",,,,,,,1.1380000000000001,"9,S",1.65,"5,,,S",0.626,"4,,,S"
AGM00060402,1980-04-01,36.712,5.07,6.1,"SOUMMAM, AG",,,,,,,,,,,0.0,"5,S",0.0,"5,S",0.0,"4,S",3.0,"4,S",0.0,"4,S",19800411.0,",5,S",,,19800401.0,",4,S",3.0,"5,S,11,",,,27.0,"4,S,01,",,,,,,,1.324,"7,S",1.781,"4,,,S",0.868,"5,,,S"
AGM00060402,1980-06-01,36.712,5.07,6.1,"SOUMMAM, AG",,,,,,,,,,,0.0,"3,S",0.0,"3,S",0.0,"3,S",27.0,"3,S",1.0,"3,S",19800603.0,",3,S",,,19800612.0,",3,S",10.0,"3,S,03,",,,33.0,"3,S,12,",,,,,,,2.022,"6,S",2.5,"3,,,S",1.544,"3,,,S"
AGM00060402,1981-04-01,36.712,5.07,6.1,"SOUMMAM, AG",,,,,,,,,,,0.0,"5,S",0.0,"5,S",0.0,"5,S",3.0,"5,S",0.0,"5,S",19810427.0,",5,S",,,19810410.0,",5,S",5.0,"5,S,27,",,,27.0,"5,S,10,",,,,,,,1.5619999999999998,"9,S",1.9600000000000002,"5,,,S",1.1640000000000001,"5,,,S"
AGM00060402,1981-06-01,36.712,5.07,6.1,"SOUMMAM, AG",,,,,,,,,,,0.0,"2,S",0.0,"2,S",0.0,"4,S",23.0,"4,S",0.0,"4,S",19810605.0,"+,2,S",,,19810616.0,"+,4,S",13.0,"2,S,05,+",,,30.0,"4,S,16,+",,,,,,,2.0620000000000003,"6,S",2.473,"4,,,S",1.65,"2,,,S"
AGM00060402,1981-07-01,36.712,5.07,6.1,"SOUMMAM, AG",,,95.3,"5,S",,,,,,,0.0,"1,S",0.0,"1,S",0.0,"4,S",27.0,"4,S",1.0,"4,S",19810729.0,"+,1,S",,,19810731.0,",4,S",15.0,"1,S,29,+",,,34.0,"4,S,31,",0.0,S,0.0,"4,S",,,2.195,"5,S",2.633,"4,,,S",1.7570000000000001,"1,,,S"
AGM00060402,1981-08-01,36.712,5.07,6.1,"SOUMMAM, AG",,,136.3,"5,S",,,,,,,0.0,"3,S",0.0,"3,S",0.0,"2,S",29.0,"2,S",0.0,"2,S",19810828.0,"+,3,S",,,19810810.0,",2,S",15.0,"3,S,28,+",,,32.0,"2,S,10,",0.0,S,0.0,"2,S",,,2.352,"5,S",2.8,"2,,,S",1.904,"3,,,S"
AGM00060402,1981-10-01,36.712,5.07,6.1,"SOUMMAM, AG",,,,,,,,,,,0.0,"4,S",0.0,"4,S",0.0,"3,S",23.0,"3,S",3.0,"3,S",19811028.0,",4,S",,,19811005.0,",3,S",9.0,"4,S,28,",,,40.0,"3,S,05,",,,,,,,2.0940000000000003,"6,S",2.646,"3,,,S",1.541,"4,,,S"
AGM00060402,1981-11-01,36.712,5.07,6.1,"SOUMMAM, AG",,,,,,,,,,,0.0,"5,S",0.0,"5,S",0.0,"3,S",8.0,"3,S",0.0,"3,S",19811118.0,"+,5,S",,,19811123.0,",3,S",7.0,"5,S,18,+",,,24.0,"3,S,23,",,,,,,,1.534,"7,S",2.044,"3,,,S",1.024,"5,,,S"
AGM00060402,1982-03-01,36.712,5.07,6.1,"SOUMMAM, AG",,,1.3,"5,S",12.0,"2,S",5.0,"2,S",0.0,"2,S",0.0,"4,S",0.0,"4,S",0.0,"1,S",4.0,"1,S",0.0,"1,S",19820315.0,",4,S",19820323.0,",2,S",19820329.0,",1,S",4.4,"4,S,15,",11.9,"2,,S,23,",27.5,"1,S,29,",,,143.3,"1,S",40.7,"2,,,S",1.279,"5,S",1.768,"1,,,S",0.79,"4,,,S"
AGM00060402,1983-06-01,36.712,5.07,6.1,"SOUMMAM, AG",,,85.2,"5,S",0.0,"2,S",0.0,"2,S",0.0,"2,S",0.0,"4,S",0.0,"4,S",0.0,"1,S",29.0,"1,S",2.0,"1,S",19830615.0,",4,S",19830630.0,"+,2,S",19830610.0,",1,S",13.2,"4,S,15,",0.0,"2,,S,30,+",32.6,"1,S,10,",,,0.0,"1,S",0.0,"2,,,S",2.17,"5,S",2.622,"1,,,S",1.718,"4,,,S"
AGM00060402,1983-08-01,36.712,5.07,6.1,"SOUMMAM, AG",,,,,,,,,,,0.0,"5,S",0.0,"5,S",0.0,"3,S",28.0,"3,S",0.0,"3,S",19830815.0,",5,S",,,19830823.0,",3,S",16.2,"5,S,15,",,,32.0,"3,S,23,",,,,,,,2.467,"8,S",2.9379999999999997,"3,,,S",1.9969999999999999,"5,,,S"
AGM00060402,1983-10-01,36.712,5.07,6.1,"SOUMMAM, AG",,,,,,,,,,,0.0,"5,S",0.0,"5,S",0.0,"4,S",25.0,"4,S",0.0,"4,S",19831028.0,",5,S",,,19831016.0,",4,S",10.5,"5,S,28,",,,29.8,"4,S,16,",,,,,,,2.052,"8,S",2.505,"4,,,S",1.599,"5,,,S"
AGM00060402,1983-11-01,36.712,5.07,6.1,"SOUMMAM, AG",,,,,12.0,"4,S",8.0,"4,S",0.0,"4,S",0.0,"5,S",0.0,"5,S",0.0,"3,S",17.0,"3,S",0.0,"3,S",19831126.0,",5,S",19831119.0,",4,S",19831114.0,",3,S",10.2,"5,S,26,",14.0,"4,,S,19,",27.0,"3,S,14,",,,,,49.8,"4,,,S",1.7579999999999998,"6,S",2.21,"3,,,S",1.306,"5,,,S"
AGM00060402,1984-08-01,36.712,5.07,6.1,"SOUMMAM, AG",,,142.4,"5,S",3.0,"4,S",0.0,"4,S",0.0,"4,S",0.0,"4,S",0.0,"4,S",0.0,"2,S",29.0,"2,S",2.0,"2,S",19840831.0,",4,S",19840828.0,",4,S",19840805.0,",2,S",11.0,"4,S,31,",2.0,"4,,S,28,",39.3,"2,S,05,",,,0.0,"2,S",3.5,"4,,,S",2.375,"5,S",2.8489999999999998,"2,,,S",1.9010000000000002,"4,,,S"
AGM00060402,1984-09-01,36.712,5.07,6.1,"SOUMMAM, AG",,,116.5,"4,S",,,,,,,0.0,"3,S",0.0,"3,S",0.0,"1,S",29.0,"1,S",3.0,"1,S",19840927.0,",3,S",,,19840908.0,",1,S",13.8,"3,S,27,",,,34.6,"1,S,08,",,,0.0,"1,S",,,2.269,"4,S",2.7809999999999997,"1,,,S",1.7579999999999998,"3,,,S"
AGM00060402,1985-05-01,36.712,5.07,6.1,"SOUMMAM, AG",,,,,,,,,,,0.0,"5,S",0.0,"5,S",0.0,"3,S",18.0,"3,S",0.0,"3,S",19850508.0,",5,S",,,19850526.0,"+,3,S",8.1,"5,S,08,",,,25.3,"3,S,26,+",,,,,,,1.765,"8,S",2.166,"3,,,S",1.363,"5,,,S"
AGM00060402,1985-08-01,36.712,5.07,6.1,"SOUMMAM, AG",,,,,,,,,,,0.0,"1,S",0.0,"1,S",0.0,"5,S",26.0,"5,S",2.0,"5,S",19850831.0,",1,S",,,19850805.0,",5,S",14.2,"1,S,31,",,,34.0,"5,S,05,",,,,,,,2.436,"6,S",2.91,"5,,,S",1.9609999999999999,"1,,,S"
AGM00060402,1986-10-01,36.712,5.07,6.1,"SOUMMAM, AG",,,,,,,,,,,0.0,"5,S",0.0,"5,S",0.0,"5,S",21.0,"5,S",0.0,"5,S",19861030.0,",5,S",,,19861004.0,",5,S",12.8,"5,S,30,",,,30.2,"5,S,04,",,,,,,,2.0789999999999997,"9,S",2.516,"5,,,S",1.6420000000000001,"5,,,S"
AGM00060402,1987-03-01,36.712,5.07,6.1,"SOUMMAM, AG",,,,,,,,,,,0.0,"4,S",0.0,"4,S",0.0,"3,S",2.0,"3,S",0.0,"3,S",19870330.0,",4,S",,,19870328.0,",3,S",3.6,"4,S,30,",,,26.8,"3,S,28,",,,,,,,1.2730000000000001,"7,S",1.734,"3,,,S",0.8119999999999999,"4,,,S"
AGM00060402,1987-04-01,36.712,5.07,6.1,"SOUMMAM, AG",,,,,8.0,"2,S",5.0,"2,S",0.0,"2,S",0.0,"5,S",0.0,"5,S",0.0,"1,S",15.0,"1,S",0.0,"1,S",19870402.0,",5,S",19870401.0,",2,S",19870403.0,",1,S",4.5,"5,S,02,",21.1,"2,,S,01,",28.2,"1,S,03,",,,,,55.6,"2,,,S",1.605,"6,S",2.097,"1,,,S",1.113,"5,,,S"
AGM00060402,1987-07-01,36.712,5.07,6.1,"SOUMMAM, AG",,,183.7,"4,S",3.0,"3,S",0.0,"3,S",0.0,"3,S",0.0,"1,S",0.0,"1,S",0.0,"3,S",28.0,"3,S",0.0,"3,S",19870728.0,",1,S",19870727.0,",3,S",19870715.0,",3,S",17.3,"1,S,28,",2.0,"3,,S,27,",31.4,"3,S,15,",0.0,S,0.0,"3,S",3.3,"3,,,S",2.503,"4,S",2.896,"3,,,S",2.109,"1,,,S"
AGM00060402,1987-08-01,36.712,5.07,6.1,"SOUMMAM, AG",,,,,,,,,,,0.0,"2,S",0.0,"2,S",0.0,"5,S",26.0,"5,S",9.0,"5,S",19870802.0,",2,S",,,19870812.0,",5,S",17.0,"2,S,02,",,,41.7,"5,S,12,",,,,,,,2.647,"7,S",3.174,"5,,,S",2.119,"2,,,S"
AGM00060402,1987-10-01,36.712,5.07,6.1,"SOUMMAM, AG",,,,,7.0,"3,S",3.0,"3,S",1.0,"3,S",0.0,"4,S",0.0,"4,S",0.0,"5,S",26.0,"5,S",6.0,"5,S",19871013.0,",4,S",19871011.0,",3,S",19871025.0,",5,S",13.8,"4,S,13,",27.9,"3,,S,11,",36.2,"5,S,25,",,,,,76.4,"3,,,S",2.295,"7,S",2.81,"5,,,S",1.78,"4,,,S"
AGM00060402,1988-02-01,36.712,5.07,6.1,"SOUMMAM, AG",,,,,10.0,"3,S",6.0,"3,S",1.0,"3,S",0.0,"4,S",0.0,"4,S",0.0,"4,S",2.0,"4,S",0.0,"4,S",19880228.0,",4,S",19880226.0,",3,S",19880206.0,",4,S",1.3,"4,S,28,",27.9,"3,,S,26,",21.6,"4,S,06,",,,,,86.8,"3,,,S",1.143,"8,S",1.675,"4,,,S",0.611,"4,,,S"
AGM00060402,1988-03-01,36.712,5.07,6.1,"SOUMMAM, AG",,,,,14.0,"4,S",8.0,"4,S",0.0,"4,S",0.0,"3,S",0.0,"3,S",0.0,"5,S",8.0,"5,S",0.0,"5,S",19880310.0,",3,S",19880306.0,",4,S",19880326.0,",5,S",3.8,"3,S,10,",24.9,"4,,S,06,",30.3,"5,S,26,",,,,,71.8,"4,,,S",1.3359999999999999,"8,S",1.8649999999999998,"5,,,S",0.808,"3,,,S"
AGM00060402,1988-04-01,36.712,5.07,6.1,"SOUMMAM, AG",,,,,6.0,"4,S",4.0,"4,S",1.0,"4,S",0.0,"3,S",0.0,"3,S",0.0,"3,S",4.0,"3,S",0.0,"3,S",19880401.0,",3,S",19880427.0,",4,S",19880419.0,",3,S",6.9,"3,S,01,",29.0,"4,,S,27,",30.3,"3,S,19,",,,,,53.3,"4,,,S",1.538,"6,S",2.005,"3,,,S",1.0699999999999998,"3,,,S"
AGM00060402,1988-05-01,36.712,5.07,6.1,"SOUMMAM, AG",,,13.8,"5,S",6.0,"4,S",5.0,"4,S",0.0,"4,S",0.0,"4,S",0.0,"4,S",0.0,"2,S",24.0,"2,S",0.0,"2,S",19880504.0,",4,S",19880514.0,",4,S",19880529.0,",2,S",11.1,"4,S,04,",15.0,"4,,S,14,",25.3,"2,S,29,",,,16.8,"2,S",45.6,"4,,,S",1.8199999999999998,"5,S",2.239,"2,,,S",1.4,"4,,,S"
AGM00060402,1988-08-01,36.712,5.07,6.1,"SOUMMAM, AG",,,204.9,"4,S",2.0,"4,S",0.0,"4,S",0.0,"4,S",0.0,"3,S",0.0,"3,S",0.0,"2,S",29.0,"2,S",5.0,"2,S",19880825.0,",3,S",19880822.0,",4,S",19880829.0,",2,S",17.6,"3,S,25,",2.0,"4,,S,22,",39.4,"2,S,29,",,,0.0,"2,S",2.5,"4,,,S",2.6,"4,S",3.064,"2,,,S",2.136,"3,,,S"
AGM00060402,1988-09-01,36.712,5.07,6.1,"SOUMMAM, AG",,,106.8,"3,S",5.0,"3,S",3.0,"3,S",1.0,"3,S",0.0,"2,S",0.0,"2,S",0.0,"2,S",27.0,"2,S",2.0,"2,S",19880918.0,",2,S",19880915.0,",3,S",19880907.0,",2,S",13.4,"2,S,18,",39.9,"3,,S,15,",35.2,"2,S,07,",,,0.3,"2,S",61.0,"3,,,S",2.221,"3,S",2.698,"2,,,S",1.7440000000000002,"2,,,S"
AGM00060402,1988-10-01,36.712,5.07,6.1,"SOUMMAM, AG",,,93.7,"5,S",2.0,"4,S",0.0,"4,S",0.0,"4,S",0.0,"4,S",0.0,"4,S",0.0,"1,S",30.0,"1,S",4.0,"1,S",19881023.0,",4,S",19881012.0,",4,S",19881016.0,",1,S",10.5,"4,S,23,",0.5,"4,,S,12,",36.6,"1,S,16,",,,4.9,"1,S",0.8,"4,,,S",2.186,"5,S",2.723,"1,,,S",1.6480000000000001,"4,,,S"
AGM00060402,1988-12-01,36.712,5.07,6.1,"SOUMMAM, AG",,,0.0,"5,S",17.0,"2,S",13.0,"2,S",2.0,"2,S",0.0,"4,S",0.0,"4,S",0.0,"2,S",0.0,"2,S",0.0,"2,S",19881227.0,",4,S",19881208.0,",2,S",19881201.0,",2,S",4.0,"4,S,27,",46.0,"2,,S,08,",19.6,"2,S,01,",,,186.0,"2,S",181.1,"2,,,S",1.109,"5,S",1.5230000000000001,"2,,,S",0.696,"4,,,S"
AGM00060402,1989-01-01,36.712,5.07,6.1,"SOUMMAM, AG",0.0,S,0.0,"5,S",,,,,,,0.0,"3,S",0.0,"3,S",0.0,"2,S",1.0,"2,S",0.0,"2,S",19890103.0,",3,S",,,19890110.0,",2,S",3.9,"3,S,03,",,,21.5,"2,S,10,",,,194.3,"2,S",,,1.0939999999999999,"5,S",1.543,"2,,,S",0.646,"3,,,S"
AGM00060402,1989-03-01,36.712,5.07,6.1,"SOUMMAM, AG",,,0.6,"4,S",5.0,"3,S",2.0,"3,S",0.0,"3,S",0.0,"2,S",0.0,"2,S",0.0,"3,S",6.0,"3,S",0.0,"3,S",19890311.0,",2,S",19890321.0,",3,S",19890313.0,",3,S",5.4,"2,S,11,",23.1,"3,,S,21,",27.3,"3,S,13,",,,104.4,"3,S",32.5,"3,,,S",1.441,"4,S",1.9309999999999998,"3,,,S",0.95,"2,,,S"
AGM00060402,1989-07-01,36.712,5.07,6.1,"SOUMMAM, AG",,,,,2.0,"5,S",0.0,"5,S",0.0,"5,S",0.0,"4,S",0.0,"4,S",0.0,"2,S",29.0,"2,S",4.0,"2,S",19890718.0,",4,S",19890712.0,",5,S",19890723.0,",2,S",16.4,"4,S,18,",2.0,"5,,S,12,",36.9,"2,S,23,",,,,,2.3,"5,,,S",2.502,"6,S",2.979,"2,,,S",2.024,"4,,,S"
AGM00060402,1989-08-01,36.712,5.07,6.1,"SOUMMAM, AG",,,,,,,,,,,0.0,"5,S",0.0,"5,S",0.0,"5,S",26.0,"5,S",3.0,"5,S",19890826.0,",5,S",,,19890811.0,",5,S",19.7,"5,S,26,",,,33.5,"5,S,11,",,,,,,,2.669,"0,S",3.076,"5,,,S",2.263,"5,,,S"
AGM00060402,1989-11-01,36.712,5.07,6.1,"SOUMMAM, AG",,,,,,,,,,,0.0,"5,S",0.0,"5,S",0.0,"5,S",14.0,"5,S",0.0,"5,S",19891119.0,",5,S",,,19891102.0,",5,S",8.3,"5,S,19,",,,28.6,"5,S,02,",,,,,,,1.706,"8,S",2.168,"5,,,S",1.244,"5,,,S"
AGM00060402,1990-07-01,36.712,5.07,6.1,"SOUMMAM, AG",,,149.4,"5,S",,,,,,,0.0,"5,S",0.0,"5,S",0.0,"1,S",30.0,"1,S",2.0,"1,S",19900724.0,",5,S",,,19900727.0,",1,S",15.0,"5,S,24,",,,34.2,"1,S,27,",0.0,S,0.0,"1,S",,,2.396,"5,S",2.859,"1,,,S",1.9329999999999998,"5,,,S"
AGM00060402,1990-09-01,36.712,5.07,6.1,"SOUMMAM, AG",,,,,4.0,"4,S",0.0,"4,S",0.0,"4,S",0.0,"5,S",0.0,"5,S",0.0,"4,S",26.0,"4,S",4.0,"4,S",19900930.0,",5,S",19900918.0,"+,4,S",19900914.0,",4,S",17.6,"5,S,30,",1.0,"4,,S,18,+",34.9,"4,S,14,",,,,,3.5,"4,,,S",2.581,"8,S",2.993,"4,,,S",2.169,"5,,,S"
AGM00060402,1990-10-01,36.712,5.07,6.1,"SOUMMAM, AG",,,80.5,"5,S",8.0,",S",4.0,",S",1.0,",S",0.0,"5,S",0.0,"5,S",0.0,"1,S",30.0,"1,S",2.0,"1,S",19901027.0,",5,S",19901019.0,",,S",19901012.0,",1,S",12.5,"5,S,27,",25.9,",,S,19,",34.4,"1,S,12,",,,0.0,"1,S",40.3,",,,S",2.1420000000000003,"5,S",2.658,"1,,,S",1.627,"5,,,S"
AGM00060402,1990-11-01,36.712,5.07,6.1,"SOUMMAM, AG",,,3.6,"5,S",14.0,"4,S",7.0,"4,S",1.0,"4,S",0.0,"5,S",0.0,"5,S",0.0,"1,S",11.0,"1,S",0.0,"1,S",19901129.0,",5,S",19901117.0,",4,S",19901121.0,",1,S",6.9,"5,S,29,",27.9,"4,,S,17,",26.4,"1,S,21,",,,54.2,"1,S",69.3,"4,,,S",1.612,"5,S",2.022,"1,,,S",1.202,"5,,,S"
AGM00060402,1991-02-01,36.712,5.07,6.1,"SOUMMAM, AG",,,0.0,"4,S",12.0,"2,S",9.0,"2,S",0.0,"2,S",0.0,"4,S",0.0,"4,S",0.0,",S",1.0,",S",0.0,",S",19910216.0,",4,S",19910214.0,"+,2,S",19910207.0,",,S",3.1,"4,S,16,",19.1,"2,,S,14,+",21.8,",S,07,",,,184.2,",S",102.9,"2,,,S",1.0699999999999998,"4,S",1.511,",,,S",0.629,"4,,,S"
AGM00060402,1991-09-01,36.712,5.07,6.1,"SOUMMAM, AG",,,,,,,,,,,0.0,"5,S",0.0,"5,S",0.0,"4,S",26.0,"4,S",4.0,"4,S",19910919.0,",5,S",,,19910921.0,",4,S",17.8,"5,S,19,",,,36.7,"4,S,21,",,,,,,,2.493,"7,S",2.918,"4,,,S",2.068,"5,,,S"
AGM00060402,1992-01-01,36.712,5.07,6.1,"SOUMMAM, AG",,,,,11.0,"5,S",7.0,"5,S",2.0,"5,S",0.0,"3,S",0.0,"3,S",0.0,"5,S",0.0,"5,S",0.0,"5,S",19920101.0,",3,S",19920126.0,",5,S",19920109.0,",5,S",2.1,"3,S,01,",55.1,"5,,S,26,",21.0,"5,S,09,",,,,,141.8,"5,,,S",1.073,"7,S",1.558,"5,,,S",0.588,"3,,,S"
AGM00060402,1992-02-01,36.712,5.07,6.1,"SOUMMAM, AG",,,,,7.0,"3,S",4.0,"3,S",1.0,"3,S",0.0,"3,S",0.0,"3,S",0.0,"4,S",1.0,"4,S",0.0,"4,S",19920201.0,",3,S",19920222.0,",3,S",19920216.0,",4,S",3.8,"3,S,01,",34.0,"3,,S,22,",22.2,"4,S,16,",,,,,52.9,"3,,,S",1.1460000000000001,"7,S",1.658,"4,,,S",0.633,"3,,,S"
AGM00060402,1992-05-01,36.712,5.07,6.1,"SOUMMAM, AG",,,,,,,,,,,0.0,"4,S",0.0,"4,S",0.0,"3,S",17.0,"3,S",0.0,"3,S",19920501.0,",4,S",,,19920514.0,",3,S",6.9,"4,S,01,",,,28.5,"3,S,14,",,,,,,,1.725,"7,S",2.192,"3,,,S",1.2570000000000001,"4,,,S"
AGM00060402,1992-07-01,36.712,5.07,6.1,"SOUMMAM, AG",,,,,4.0,"5,S",0.0,"5,S",0.0,"5,S",0.0,"3,S",0.0,"3,S",0.0,"3,S",28.0,"3,S",3.0,"3,S",19920703.0,",3,S",19920702.0,",5,S",19920731.0,",3,S",15.7,"3,S,03,",2.0,"5,,S,02,",36.8,"3,S,31,",,,,,4.5,"5,,,S",2.3329999999999997,"6,S",2.763,"3,,,S",1.902,"3,,,S"
AGM00060402,1992-09-01,36.712,5.07,6.1,"SOUMMAM, AG",,,138.1,"5,S",,,,,,,0.0,"3,S",0.0,"3,S",0.0,"3,S",27.0,"3,S",4.0,"3,S",19920929.0,",3,S",,,19920926.0,",3,S",14.4,"3,S,29,",,,36.5,"3,S,26,",,,0.0,"3,S",,,2.3899999999999997,"5,S",2.877,"3,,,S",1.903,"3,,,S"
AGM00060402,1993-01-01,36.712,5.07,6.1,"SOUMMAM, AG",0.0,S,0.0,"5,S",7.0,"5,S",6.0,"5,S",1.0,"5,S",0.0,"5,S",0.0,"5,S",0.0,",S",0.0,",S",0.0,",S",19930122.0,"+,5,S",19930105.0,",5,S",19930129.0,",,S",4.0,"5,S,22,+",27.9,"5,,S,05,",20.6,",S,29,",,,196.0,",S",86.8,"5,,,S",1.096,"5,S",1.6219999999999999,",,,S",0.5700000000000001,"5,,,S"
AGM00060402,1993-02-01,36.712,5.07,6.1,"SOUMMAM, AG",,,,,11.0,"5,S",9.0,"5,S",0.0,"5,S",0.0,"3,S",0.0,"3,S",0.0,"4,S",1.0,"4,S",0.0,"4,S",19930226.0,",3,S",19930219.0,",5,S",19930214.0,",4,S",3.1,"3,S,26,",16.0,"5,,S,19,",21.2,"4,S,14,",,,,,69.7,"5,,,S",1.061,"7,S",1.465,"4,,,S",0.657,"3,,,S"
AGM00060402,1993-04-01,36.712,5.07,6.1,"SOUMMAM, AG",,,,,,,,,,,0.0,"5,S",0.0,"5,S",0.0,"1,S",8.0,"1,S",0.0,"1,S",19930404.0,",5,S",,,19930421.0,",1,S",5.7,"5,S,04,",,,27.2,"1,S,21,",,,,,,,1.491,"6,S",1.968,"1,,,S",1.0130000000000001,"5,,,S"
AGM00060402,1993-08-01,36.712,5.07,6.1,"SOUMMAM, AG",,,190.3,"5,S",0.0,"1,S",0.0,"1,S",0.0,"1,S",0.0,"5,S",0.0,"5,S",0.0,",S",31.0,",S",5.0,",S",19930831.0,",5,S",19930831.0,"+,1,S",19930823.0,",,S",17.5,"5,S,31,",0.0,"1,,S,31,+",37.2,",S,23,",,,0.0,",S",0.0,"1,,,S",2.557,"5,S",2.992,",,,S",2.123,"5,,,S"
AGM00060402,1993-09-01,36.712,5.07,6.1,"SOUMMAM, AG",,,,,,,,,,,0.0,"5,S",0.0,"5,S",0.0,"5,S",25.0,"5,S",2.0,"5,S",19930929.0,",5,S",,,19930922.0,",5,S",13.9,"5,S,29,",,,36.5,"5,S,22,",,,,,,,2.295,"9,S",2.7670000000000003,"5,,,S",1.8219999999999998,"5,,,S"
AGM00060402,1994-03-01,36.712,5.07,6.1,"SOUMMAM, AG",,,,,0.0,"5,S",0.0,"5,S",0.0,"5,S",0.0,"4,S",0.0,"4,S",0.0,"2,S",6.0,"2,S",0.0,"2,S",19940308.0,",4,S",19940331.0,"+,5,S",19940330.0,",2,S",5.0,"4,S,08,",0.0,"5,,S,31,+",27.0,"2,S,30,",,,,,0.0,"5,,,S",1.407,"6,S",1.9100000000000001,"2,,,S",0.905,"4,,,S"
AGM00060402,1994-04-01,36.712,5.07,6.1,"SOUMMAM, AG",,,,,8.0,"5,S",5.0,"5,S",0.0,"5,S",0.0,"5,S",0.0,"5,S",0.0,"4,S",7.0,"4,S",0.0,"4,S",19940418.0,",5,S",19940412.0,",5,S",19940407.0,",4,S",5.7,"5,S,18,",13.0,"5,,S,12,",23.8,"4,S,07,",,,,,43.2,"5,,,S",1.441,"7,S",1.9629999999999999,"4,,,S",0.9189999999999999,"5,,,S"
AGM00060402,1994-05-01,36.712,5.07,6.1,"SOUMMAM, AG",,,,,,,,,,,0.0,"5,S",0.0,"5,S",0.0,"4,S",25.0,"4,S",1.0,"4,S",19940501.0,",5,S",,,19940530.0,",4,S",9.8,"5,S,01,",,,34.5,"4,S,30,",,,,,,,1.909,"8,S",2.4219999999999997,"4,,,S",1.397,"5,,,S"
AGM00060402,1994-07-01,36.712,5.07,6.1,"SOUMMAM, AG",,,,,,,,,,,0.0,"2,S",0.0,"2,S",0.0,"4,S",27.0,"4,S",6.0,"4,S",19940711.0,",2,S",,,19940704.0,",4,S",17.4,"2,S,11,",,,36.5,"4,S,04,",,,,,,,2.553,"6,S",3.05,"4,,,S",2.056,"2,,,S"
AGM00060402,1994-08-01,36.712,5.07,6.1,"SOUMMAM, AG",,,,,,,,,,,0.0,"5,S",0.0,"5,S",0.0,"4,S",27.0,"4,S",13.0,"4,S",19940829.0,",5,S",,,19940822.0,",4,S",19.7,"5,S,29,",,,41.6,"4,S,22,",,,,,,,2.8280000000000003,"9,S",3.303,"4,,,S",2.352,"5,,,S"
AGM00060402,1994-11-01,36.712,5.07,6.1,"SOUMMAM, AG",,,,,3.0,"5,S",1.0,"5,S",0.0,"5,S",0.0,"4,S",0.0,"4,S",0.0,"5,S",17.0,"5,S",0.0,"5,S",19941127.0,",4,S",19941102.0,",5,S",19941104.0,",5,S",9.4,"4,S,27,",5.1,"5,,S,02,",28.2,"5,S,04,",,,,,9.1,"5,,,S",1.73,"8,S",2.207,"5,,,S",1.252,"4,,,S"
AGM00060402,1994-12-01,36.712,5.07,6.1,"SOUMMAM, AG",,,,,10.0,"4,S",7.0,"4,S",2.0,"4,S",0.0,"4,S",0.0,"4,S",0.0,"5,S",5.0,"5,S",0.0,"5,S",19941229.0,",4,S",19941221.0,",4,S",19941231.0,",5,S",5.4,"4,S,29,",58.9,"4,,S,21,",24.1,"5,S,31,",,,,,149.0,"4,,,S",1.322,"9,S",1.7690000000000001,"5,,,S",0.875,"4,,,S"
AGM00060402,1995-04-01,36.712,5.07,6.1,"SOUMMAM, AG",,,1.6,"4,S",8.0,"5,S",5.0,"5,S",0.0,"5,S",0.0,"1,S",0.0,"1,S",0.0,"3,S",7.0,"3,S",0.0,"3,S",19950402.0,",1,S",19950422.0,",5,S",19950420.0,",3,S",3.7,"1,S,02,",11.9,"5,,S,22,",25.7,"3,S,20,",,,104.9,"3,S",32.5,"5,,,S",1.4449999999999998,"4,S",1.9739999999999998,"3,,,S",0.917,"1,,,S"
AGM00060402,1995-06-01,36.712,5.07,6.1,"SOUMMAM, AG",,,84.2,"5,S",4.0,"4,S",2.0,"4,S",0.0,"4,S",0.0,"3,S",0.0,"3,S",0.0,"2,S",28.0,"2,S",0.0,"2,S",19950603.0,",3,S",19950608.0,",4,S",19950620.0,",2,S",7.8,"3,S,03,",10.9,"4,,S,08,",32.1,"2,S,20,",,,3.5,"2,S",22.3,"4,,,S",2.1559999999999997,"5,S",2.565,"2,,,S",1.7469999999999999,"3,,,S"
AGM00060402,1995-07-01,36.712,5.07,6.1,"SOUMMAM, AG",,,155.9,"5,S",1.0,"1,S",0.0,"1,S",0.0,"1,S",0.0,"2,S",0.0,"2,S",0.0,"3,S",28.0,"3,S",0.0,"3,S",19950716.0,",2,S",19950731.0,",1,S",19950722.0,",3,S",17.5,"2,S,16,",0.3,"1,,S,31,",31.0,"3,S,22,",0.0,S,0.0,"3,S",0.3,"1,,,S",2.432,"5,S",2.8600000000000003,"3,,,S",2.004,"2,,,S"
AGM00060402,1995-09-01,36.712,5.07,6.1,"SOUMMAM, AG",,,,,10.0,"4,S",6.0,"4,S",1.0,"4,S",0.0,"3,S",0.0,"3,S",0.0,"3,S",26.0,"3,S",2.0,"3,S",19950930.0,",3,S",19950923.0,",4,S",19950904.0,",3,S",14.6,"3,S,30,",25.9,"4,,S,23,",33.8,"3,S,04,",,,,,71.7,"4,,,S",2.2809999999999997,"6,S",2.7199999999999998,"3,,,S",1.843,"3,,,S"
AGM00060402,1996-04-01,36.712,5.07,6.1,"SOUMMAM, AG",,,,,,,,,,,0.0,"4,S",0.0,"4,S",0.0,"2,S",8.0,"2,S",0.0,"2,S",19960405.0,",4,S",,,19960421.0,",2,S",5.3,"4,S,05,",,,29.6,"2,S,21,",,,,,,,1.583,"6,S",2.009,"2,,,S",1.157,"4,,,S"
AGM00060402,1996-05-01,36.712,5.07,6.1,"SOUMMAM, AG",,,,,,,,,,,0.0,"3,S",0.0,"3,S",0.0,"5,S",23.0,"5,S",0.0,"5,S",19960524.0,",3,S",,,19960507.0,",5,S",10.0,"3,S,24,",,,30.6,"5,S,07,",,,,,,,1.798,"8,S",2.2920000000000003,"5,,,S",1.303,"3,,,S"
AGM00060402,1996-10-01,36.712,5.07,6.1,"SOUMMAM, AG",,,18.6,"5,S",,,,,,,0.0,"3,S",0.0,"3,S",0.0,"3,S",24.0,"3,S",1.0,"3,S",19961024.0,",3,S",,,19961001.0,",3,S",10.4,"3,S,24,",,,33.0,"3,S,01,",,,16.1,"3,S",,,1.834,"5,S",2.327,"3,,,S",1.34,"3,,,S"
AGM00060402,1997-02-01,36.712,5.07,6.1,"SOUMMAM, AG",,,0.0,"4,S",5.0,"3,S",3.0,"3,S",0.0,"3,S",0.0,"3,S",0.0,"3,S",0.0,"1,S",2.0,"1,S",0.0,"1,S",19970217.0,",3,S",19970208.0,",3,S",19970213.0,",1,S",4.7,"3,S,17,",7.9,"3,,S,08,",26.7,"1,S,13,",,,123.0,"1,S",23.1,"3,,,S",1.306,"4,S",1.7920000000000003,"1,,,S",0.82,"3,,,S"
AGM00060402,1997-03-01,36.712,5.07,6.1,"SOUMMAM, AG",,,0.0,"4,S",5.0,"3,S",2.0,"3,S",0.0,"3,S",0.0,"3,S",0.0,"3,S",0.0,"1,S",3.0,"1,S",0.0,"1,S",19970301.0,",3,S",19970327.0,",3,S",19970328.0,",1,S",4.0,"3,S,01,",7.1,"3,,S,27,",23.7,"1,S,28,",,,141.7,"1,S",16.2,"3,,,S",1.3050000000000002,"4,S",1.8649999999999998,"1,,,S",0.744,"3,,,S"
AGM00060402,1997-04-01,36.712,5.07,6.1,"SOUMMAM, AG",,,,,5.0,"5,S",4.0,"5,S",0.0,"5,S",0.0,"5,S",0.0,"5,S",0.0,"3,S",11.0,"3,S",0.0,"3,S",19970402.0,"+,5,S",19970418.0,",5,S",19970427.0,",3,S",5.7,"5,S,02,+",15.0,"5,,S,18,",27.2,"3,S,27,",,,,,38.1,"5,,,S",1.535,"7,S",2.104,"3,,,S",0.967,"5,,,S"
AGM00060402,1997-05-01,36.712,5.07,6.1,"SOUMMAM, AG",,,,,,,,,,,0.0,"4,S",0.0,"4,S",0.0,"2,S",27.0,"2,S",0.0,"2,S",19970509.0,",4,S",,,19970525.0,",2,S",8.7,"4,S,09,",,,30.8,"2,S,25,",,,,,,,1.9769999999999999,"6,S",2.407,"2,,,S",1.548,"4,,,S"
AGM00060402,1997-06-01,36.712,5.07,6.1,"SOUMMAM, AG",,,128.0,"5,S",,,,,,,0.0,"4,S",0.0,"4,S",0.0,"2,S",28.0,"2,S",1.0,"2,S",19970603.0,",4,S",,,19970604.0,",2,S",14.6,"4,S,03,",,,36.7,"2,S,04,",,,0.0,"2,S",,,2.3329999999999997,"5,S",2.772,"2,,,S",1.895,"4,,,S"
AGM00060402,1997-07-01,36.712,5.07,6.1,"SOUMMAM, AG",,,,,,,,,,,0.0,"5,S",0.0,"5,S",0.0,"3,S",28.0,"3,S",2.0,"3,S",19970701.0,",5,S",,,19970722.0,",3,S",16.1,"5,S,01,",,,36.7,"3,S,22,",,,,,,,2.3739999999999997,"8,S",2.7920000000000003,"3,,,S",1.957,"5,,,S"
AGM00060402,1998-03-01,36.712,5.07,6.1,"SOUMMAM, AG",,,,,8.0,"4,S",6.0,"4,S",0.0,"4,S",0.0,"3,S",0.0,"3,S",0.0,"4,S",4.0,"4,S",0.0,"4,S",19980327.0,",3,S",19980313.0,",4,S",19980307.0,",4,S",4.1,"3,S,27,",23.1,"4,,S,13,",27.6,"4,S,07,",,,,,53.2,"4,,,S",1.349,"6,S",1.873,"4,,,S",0.826,"3,,,S"
AGM00060402,1998-04-01,36.712,5.07,6.1,"SOUMMAM, AG",,,,,7.0,"5,S",4.0,"5,S",1.0,"5,S",0.0,"5,S",0.0,"5,S",0.0,"2,S",14.0,"2,S",0.0,"2,S",19980414.0,",5,S",19980424.0,",5,S",19980426.0,",2,S",4.6,"5,S,14,",66.0,"5,,S,24,",30.0,"2,S,26,",,,,,95.4,"5,,,S",1.609,"7,S",2.148,"2,,,S",1.0699999999999998,"5,,,S"
AGM00060402,1998-06-01,36.712,5.07,6.1,"SOUMMAM, AG",,,,,,,,,,,0.0,"5,S",0.0,"5,S",0.0,"2,S",28.0,"2,S",1.0,"2,S",19980619.0,",5,S",,,19980605.0,",2,S",13.0,"5,S,19,",,,35.0,"2,S,05,",,,,,,,2.216,"6,S",2.68,"2,,,S",1.752,"5,,,S"
AGM00060402,1998-08-01,36.712,5.07,6.1,"SOUMMAM, AG",,,,,6.0,"5,S",2.0,"5,S",0.0,"5,S",0.0,"3,S",0.0,"3,S",0.0,"4,S",27.0,"4,S",1.0,"4,S",19980808.0,",3,S",19980804.0,",5,S",19980818.0,",4,S",17.2,"3,S,08,",5.1,"5,,S,04,",34.1,"4,S,18,",,,,,10.4,"5,,,S",2.5100000000000002,"6,S",2.95,"4,,,S",2.07,"3,,,S"
AGM00060402,1998-09-01,36.712,5.07,6.1,"SOUMMAM, AG",,,,,,,,,,,0.0,"5,S",0.0,"5,S",0.0,"2,S",28.0,"2,S",2.0,"2,S",19980916.0,",5,S",,,19980901.0,",2,S",16.0,"5,S,16,",,,36.0,"2,S,01,",,,,,,,2.4050000000000002,"7,S",2.835,"2,,,S",1.975,"5,,,S"
AGM00060402,1998-10-01,36.712,5.07,6.1,"SOUMMAM, AG",,,24.1,"3,S",8.0,"4,S",6.0,"4,S",1.0,"4,S",0.0,"2,S",0.0,"2,S",0.0,"1,S",28.0,"1,S",0.0,"1,S",19981021.0,",2,S",19981020.0,",4,S",19981017.0,",1,S",10.2,"2,S,21,",50.0,"4,,S,20,",30.4,"1,S,17,",,,18.1,"1,S",81.5,"4,,,S",1.85,"3,S",2.3739999999999997,"1,,,S",1.327,"2,,,S"
AGM00060402,1999-02-01,36.712,5.07,6.1,"SOUMMAM, AG",,,0.0,"3,S",,,,,,,0.0,"3,S",0.0,"3,S",0.0,"2,S",3.0,"2,S",0.0,"2,S",19990213.0,",3,S",,,19990222.0,",2,S",2.6,"3,S,13,",,,22.8,"2,S,22,",,,198.2,"2,S",,,1.037,"3,S",1.4869999999999999,"2,,,S",0.588,"3,,,S"
AGM00060402,2006-09-01,36.712,5.07,6.1,"SOUMMAM, AG",,,,,5.0,",S",3.0,",S",0.0,",S",0.0,"4,S",0.0,"4,S",0.0,"3,S",27.0,"3,S",3.0,"3,S",20060928.0,",4,S",20060925.0,",,S",20060913.0,",3,S",15.3,"4,S,28,",19.1,",,S,25,",33.7,"3,S,13,",,,,,35.8,",,,S",2.3579999999999997,"6,S",2.893,"3,,,S",1.823,"4,,,S"
AGM00060402,2008-04-01,36.712,5.07,6.1,"SOUMMAM, AG",,,,,6.0,",S",3.0,",S",1.0,",S",0.0,"3,S",0.0,"3,S",0.0,"3,S",19.0,"3,S",0.0,"3,S",20080413.0,",3,S",20080402.0,",,S",20080409.0,",3,S",6.8,"3,S,13,",32.0,",,S,02,",30.5,"3,S,09,",,,,,55.9,",,,S",1.65,"6,S",2.234,"3,,,S",1.066,"3,,,S"
AGM00060402,2010-08-01,36.712,5.07,6.1,"SOUMMAM, AG",,,183.0,"5,S",2.0,",S",1.0,",S",0.0,",S",0.0,"5,S",0.0,"5,S",0.0,"1,S",30.0,"1,S",3.0,"1,S",20100808.0,",5,S",20100814.0,",,S",20100827.0,",1,S",16.6,"5,S,08,",4.1,",,S,14,",35.4,"1,S,27,",,,0.0,"1,S",6.1,",,,S",2.5309999999999997,"5,S",2.9850000000000003,"1,,,S",2.0780000000000003,"5,,,S"
AGM00060402,2012-02-01,36.712,5.07,6.1,"SOUMMAM, AG",,,,,16.0,",S",15.0,",S",4.0,",S",0.0,"5,S",0.0,"5,S",0.0,"4,S",0.0,"4,S",0.0,"4,S",20120213.0,",5,S",20120204.0,",,S",20120201.0,",4,S",0.5,"5,S,13,",64.0,",,S,04,",19.0,"4,S,01,",,,,,323.3,",,,S",0.8130000000000001,"9,S",1.214,"4,,,S",0.41200000000000003,"5,,,S"
AGM00060402,2013-02-01,36.712,5.07,6.1,"SOUMMAM, AG",,,,,15.0,",S",13.0,",S",1.0,",S",0.0,"5,S",0.0,"5,S",0.0,"5,S",1.0,"5,S",0.0,"5,S",20130227.0,",5,S",20130203.0,",,S",20130201.0,",5,S",1.2,"5,S,27,",36.1,",,S,03,",22.4,"5,S,01,",,,,,179.9,",,,S",1.056,"0,S",1.565,"5,,,S",0.548,"5,,,S"
AGM00060402,2014-04-01,36.712,5.07,6.1,"SOUMMAM, AG",,,,,3.0,",S",2.0,",S",0.0,",S",0.0,"5,S",0.0,"5,S",0.0,"2,S",20.0,"2,S",0.0,"2,S",20140417.0,"+,5,S",20140405.0,",,S",20140402.0,",2,S",8.5,"5,S,17,+",14.0,",,S,05,",28.5,"2,S,02,",,,,,17.3,",,,S",1.675,"6,S",2.252,"2,,,S",1.098,"5,,,S"
AGM00060402,2015-06-01,36.712,5.07,6.1,"SOUMMAM, AG",,,,,3.0,",S",0.0,",S",0.0,",S",0.0,"4,S",0.0,"4,S",0.0,"3,S",27.0,"3,S",0.0,"3,S",20150602.0,",4,S",20150624.0,",,S",20150628.0,",3,S",14.4,"4,S,02,",1.0,",,S,24,",31.9,"3,S,28,",,,,,1.8,",,,S",2.198,"7,S",2.701,"3,,,S",1.6949999999999998,"4,,,S"
AGM00060402,2015-07-01,36.712,5.07,6.1,"SOUMMAM, AG",,,,,0.0,"2,S",0.0,"2,S",0.0,"2,S",0.0,"4,S",0.0,"4,S",0.0,"3,S",28.0,"3,S",5.0,"3,S",20150711.0,",4,S",20150731.0,"+,2,S",20150702.0,",3,S",17.6,"4,S,11,",0.0,"2,,S,31,+",34.6,"3,S,02,",,,,,0.0,"2,,,S",2.5780000000000003,"6,S",3.103,"3,,,S",2.053,"4,,,S"
AGM00060402,2015-12-01,36.712,5.07,6.1,"SOUMMAM, AG",,,,,0.0,",S",0.0,",S",0.0,",S",0.0,"1,S",0.0,"1,S",0.0,"5,S",5.0,"5,S",0.0,"5,S",20151211.0,",1,S",20151231.0,"+,,S",20151220.0,",5,S",6.8,"1,S,11,",0.0,",,S,31,+",22.5,"5,S,20,",,,,,0.0,",,,S",1.4289999999999998,"6,S",2.002,"5,,,S",0.8560000000000001,"1,,,S"
AGM00060402,2022-06-01,36.712,5.07,6.1,"SOUMMAM, AG",,,,,1.0,"1,S",0.0,"1,S",0.0,"1,S",0.0,"5,S",0.0,"5,S",0.0,"4,S",26.0,"4,S",0.0,"4,S",20220611.0,",5,S",20220601.0,",1,S",20220619.0,"+,4,S",15.4,"5,S,11,",0.5,"1,,S,01,",31.6,"4,S,19,+",,,,,0.5,"1,,,S",2.37,"8,S",2.82,"4,,,S",1.921,"5,,,S"
