id,group,value
5-0,B,12.614913
5-1,A,11.640363
5-2,C,25.782212
5-3,A,9.270463
5-4,D,34.22936
5-5,D,31.284484
5-6,D,30.703375
5-7,A,8.107074
5-8,C,28.689928
5-9,D,41.071798
5-10,A,8.485655
5-11,D,38.05268
5-12,A,10.742089
5-13,B,18.273209
5-14,A,6.676484
5-15,C,29.176491
5-16,D,30.162247
5-17,B,21.519384
5-18,C,31.144567
5-19,D,31.315162
5-20,D,31.7465
5-21,B,18.998515
5-22,D,57.94237
5-23,B,19.237937
5-24,B,26.933451
5-25,A,10.266486
5-26,D,46.506334
5-27,D,42.805965
5-28,C,25.264108
5-29,A,8.992463
5-30,B,24.304245
5-31,B,14.231569
5-32,D,35.620265
5-33,A,10.338144
5-34,A,11.001665
5-35,A,8.313298
5-36,C,33.513589
5-37,B,20.262526
5-38,C,30.089949
5-39,A,7.959836
5-40,B,16.033438
5-41,C,31.958865
5-42,A,7.288396
5-43,B,17.53495
5-44,B,17.940196
5-45,D,33.448407
5-46,B,15.117287
5-47,B,20.957413
5-48,A,12.775085
5-49,A,7.458457
5-50,C,37.595619
5-51,B,23.989773
5-52,D,45.07003
5-53,A,6.623136
5-54,C,36.59832
5-55,C,25.375262
5-56,D,39.333416
5-57,C,25.147711
5-58,A,10.37939
5-59,A,6.994904
5-60,C,38.273157
5-61,C,35.872218
5-62,B,14.844563
5-63,A,10.088891
5-64,A,7.811536
5-65,D,31.543553
5-66,A,12.335934
5-67,D,41.246575
5-68,A,7.621403
5-69,A,7.106602
5-70,C,29.118284
5-71,D,43.064475
5-72,D,47.499633
5-73,D,45.167114
5-74,B,21.649056
5-75,A,8.610976
5-76,D,46.881846
5-77,A,8.55059
5-78,C,29.401604
5-79,C,20.112735
5-80,B,18.866237
5-81,C,38.875526
5-82,D,27.911382
5-83,C,30.884201
5-84,D,52.809248
5-85,A,16.448254
5-86,B,21.558105
5-87,A,10.301223
5-88,D,46.182705
5-89,D,44.053719
5-90,B,20.883751
5-91,C,20.960954
5-92,D,29.929855
5-93,A,11.397552
5-94,C,20.246737
5-95,B,15.885277
5-96,B,21.581924
5-97,A,9.977154
5-98,A,13.964443
5-99,D,40.999918
5-100,B,22.180826
5-101,B,29.021788
5-102,B,13.743915
5-103,D,44.677112
5-104,A,7.426769
5-105,B,18.967771
5-106,D,34.151759
5-107,C,29.830313
5-108,C,29.193335
5-109,C,39.199941
5-110,B,24.0838
5-111,A,11.321227
5-112,A,12.097791
5-113,C,35.9633
5-114,D,34.667878
5-115,A,10.901039
5-116,C,31.912922
5-117,C,27.96538
5-118,C,31.562364
5-119,B,17.162124
5-120,D,33.885327
5-121,B,23.620212
5-122,D,40.43619
5-123,B,24.454151
5-124,C,39.935825
5-125,B,29.075374
5-126,B,19.453293
5-127,B,22.992417
5-128,A,9.816957
5-129,D,29.647396
5-130,D,36.062954
5-131,A,11.90513
5-132,D,41.846851
5-133,A,11.342445
5-134,A,8.641417
5-135,C,32.230105
5-136,C,29.666363
5-137,C,28.224887
5-138,B,17.477338
5-139,D,35.657865
5-140,B,17.443837
5-141,C,29.530502
5-142,D,39.901017
5-143,D,29.512857
5-144,A,10.41455
5-145,B,11.858759
5-146,C,40.040681
5-147,B,12.775453
5-148,D,42.80491
5-149,C,30.258635
5-150,B,20.998596
5-151,B,18.082629
5-152,B,25.454919
5-153,D,35.447235
5-154,D,38.87283
5-155,A,10.287966
5-156,C,31.040545
5-157,D,44.091324
5-158,A,11.387888
5-159,C,29.690868
5-160,A,11.949923
5-161,D,25.691533
5-162,D,51.987161
5-163,D,33.880209
5-164,B,19.848805
5-165,D,36.54383
5-166,D,42.00602
5-167,C,30.074755
5-168,B,15.021148
5-169,A,9.908025
5-170,B,18.35335
5-171,B,14.403837
5-172,D,42.257825
5-173,C,24.903227
5-174,B,20.274625
5-175,D,30.776876
5-176,C,31.872007
5-177,B,16.629269
5-178,C,33.116594
5-179,B,18.970149
5-180,B,30.314901
5-181,B,20.780815
5-182,C,31.531832
5-183,C,18.787914
5-184,B,14.811928
5-185,D,33.588793
5-186,A,10.171475
5-187,A,10.662646
5-188,D,52.426652
5-189,B,21.778272
5-190,C,29.11907
5-191,D,41.854197
5-192,B,17.719188
5-193,B,19.730781
5-194,A,6.027292
5-195,D,54.710864
5-196,A,9.557419
5-197,C,33.607458
5-198,D,41.055403
5-199,A,9.091661
5-200,B,17.708338
5-201,A,10.615849
5-202,C,26.14311
5-203,D,45.039899
5-204,B,19.57268
5-205,D,41.942108
5-206,C,33.732305
5-207,B,21.23486
5-208,A,7.888572
5-209,D,22.798216
5-210,A,9.133559
5-211,A,9.861179
5-212,D,48.733239
5-213,B,23.150047
5-214,B,19.739959
5-215,D,38.251343
5-216,A,8.199816
5-217,C,29.74214
5-218,C,30.956333
5-219,D,33.754411
5-220,B,21.415676
5-221,B,12.468652
5-222,D,47.999411
5-223,D,30.191031
5-224,D,43.352054
5-225,B,17.801824
5-226,A,9.827127
5-227,A,9.224246
5-228,C,31.354445
5-229,B,28.389112
5-230,A,10.758147
5-231,D,17.302214
5-232,C,35.62876
5-233,C,28.500142
5-234,B,21.508271
5-235,A,10.684004
5-236,A,11.446343
5-237,D,25.582718
5-238,C,22.117605
5-239,B,21.25626
5-240,A,13.699197
5-241,C,40.827925
5-242,D,39.646515
5-243,A,10.226649
5-244,B,19.256052
5-245,A,9.124795
5-246,D,31.414794
5-247,A,9.620901
5-248,C,31.970708
5-249,B,22.69181
5-250,D,46.039571
5-251,A,8.078899
5-252,A,7.310621
5-253,B,18.866277
5-254,A,9.618812
5-255,C,30.681112
5-256,A,9.224875
5-257,D,42.873129
5-258,B,21.238221
5-259,A,9.394868
5-260,A,8.726028
5-261,A,9.352945
5-262,A,13.686357
5-263,D,37.52881
5-264,B,20.070948
5-265,D,37.083608
5-266,B,22.785833
5-267,A,12.08043
5-268,A,10.471777
5-269,A,12.131299
5-270,B,25.075107
5-271,A,10.482399
5-272,C,42.014644
5-273,C,30.3689
5-274,D,37.527544
5-275,B,18.894411
5-276,D,48.727198
5-277,B,21.000015
5-278,D,46.263298
5-279,C,37.075358
5-280,C,39.042365
5-281,A,10.949401
5-282,D,38.485489
5-283,C,17.283708
5-284,B,20.154278
5-285,A,11.359258
5-286,A,13.021473
5-287,D,36.465508
5-288,B,19.313405
5-289,C,32.006961
5-290,C,27.821181
5-291,B,21.401151
5-292,A,11.372647
5-293,A,8.686203
5-294,C,33.425827
5-295,B,21.670213
5-296,A,8.185136
5-297,A,8.821163
5-298,B,19.983268
5-299,C,30.089712
5-300,A,9.129992
5-301,D,35.913706
5-302,D,36.931316
5-303,A,11.253076
5-304,B,20.803525
5-305,C,25.885846
5-306,D,39.011438
5-307,A,11.392768
5-308,C,30.833054
5-309,A,9.717361
5-310,A,10.473946
5-311,D,33.536544
5-312,B,18.072845
5-313,A,7.895435
5-314,A,9.515815
5-315,B,15.867261
5-316,A,9.785857
5-317,A,11.886412
5-318,B,13.953289
5-319,C,25.194338
5-320,C,21.018879
5-321,C,29.385579
5-322,D,44.21046
5-323,B,17.466513
5-324,A,10.772255
5-325,A,10.544059
5-326,B,20.060046
5-327,D,40.516029
5-328,C,35.758305
5-329,A,11.491971
5-330,D,39.432215
5-331,A,6.15348
5-332,D,40.201231
5-333,C,28.468836
5-334,A,12.880366
5-335,B,16.79237
5-336,D,43.522316
5-337,C,23.869436
5-338,A,9.830253
5-339,D,43.492125
5-340,B,16.852361
5-341,C,22.362592
5-342,B,19.375416
5-343,C,21.067198
5-344,D,27.176558
5-345,D,36.884589
5-346,B,28.357398
5-347,C,30.8012
5-348,D,41.724683
5-349,B,20.476427
5-350,D,41.499342
5-351,C,24.653716
5-352,D,35.219542
5-353,C,33.514205
5-354,C,32.107484
5-355,D,27.500817
5-356,A,8.969559
5-357,D,30.269872
5-358,C,28.860384
5-359,C,31.869802
5-360,C,25.082946
5-361,A,9.092654
5-362,A,11.696752
5-363,A,12.191626
5-364,D,38.557916
5-365,D,32.714486
5-366,B,24.149799
5-367,C,28.969234
5-368,B,22.29884
5-369,C,21.517376
5-370,B,18.492545
5-371,A,10.459729
5-372,B,19.90502
5-373,A,10.681614
5-374,C,27.78053
5-375,D,28.544349
5-376,A,10.775295
5-377,A,11.079441
5-378,D,37.368648
5-379,D,48.931018
5-380,A,10.942053
5-381,C,34.948172
5-382,C,33.378186
5-383,A,9.266038
5-384,B,19.948773
5-385,D,43.539376
5-386,B,25.023136
5-387,C,29.713688
5-388,C,36.241916
5-389,C,26.873989
5-390,A,11.240433
5-391,D,43.427634
5-392,A,8.502961
5-393,B,24.06726
5-394,A,7.401522
5-395,B,21.8485
5-396,D,27.264508
5-397,A,7.068448
5-398,B,21.33076
5-399,C,24.029681
5-400,D,44.142321
5-401,A,9.679442
5-402,D,38.596396
5-403,D,46.299501
5-404,D,33.646331
5-405,C,34.704342
5-406,D,48.292265
5-407,C,41.241152
5-408,C,38.469176
5-409,C,33.228772
5-410,B,22.06251
5-411,B,12.781495
5-412,C,28.956322
5-413,B,20.139505
5-414,D,43.258885
5-415,C,32.289623
5-416,C,30.263542
5-417,B,18.104484
5-418,B,18.418008
5-419,A,11.61889
5-420,B,23.585807
5-421,D,56.762369
5-422,C,31.494755
5-423,A,9.131308
5-424,A,10.231903
5-425,B,17.478572
5-426,A,11.071295
5-427,A,8.529398
5-428,D,23.24675
5-429,B,20.580602
5-430,A,10.61986
5-431,C,42.776501
5-432,A,11.680844
5-433,D,45.188405
5-434,D,42.779568
5-435,A,7.411899
5-436,A,9.825975
5-437,D,32.895931
5-438,A,9.529958
5-439,C,29.240402
5-440,D,35.274814
5-441,C,42.722393
5-442,C,34.452747
5-443,D,37.484104
5-444,A,11.159155
5-445,D,36.145936
5-446,D,30.027642
5-447,C,31.386637
5-448,B,24.566623
5-449,C,36.150555
5-450,C,24.607815
5-451,C,33.27404
5-452,D,32.716126
5-453,B,16.361186
5-454,D,41.861078
5-455,B,26.278114
5-456,B,29.462019
5-457,D,35.555944
5-458,A,11.449321
5-459,A,13.705055
5-460,A,9.05732
5-461,C,35.426292
5-462,A,11.395219
5-463,B,18.554271
5-464,C,34.579103
5-465,D,55.764979
5-466,B,23.077088
5-467,D,48.505636
5-468,D,43.746548
5-469,D,30.650701
5-470,A,13.324897
5-471,A,8.50145
5-472,A,9.759782
5-473,C,30.133763
5-474,B,22.808833
5-475,B,16.842033
5-476,D,39.973908
5-477,D,51.776448
5-478,B,18.540091
5-479,A,9.841103
5-480,C,30.833995
5-481,C,32.218829
5-482,D,36.911761
5-483,B,12.936439
5-484,D,42.724494
5-485,C,32.026371
5-486,D,27.443087
5-487,A,12.883562
5-488,D,42.483884
5-489,D,48.544117
5-490,B,19.630865
5-491,C,24.840276
5-492,C,39.692019
5-493,D,34.090752
5-494,C,16.517053
5-495,B,22.792217
5-496,A,7.992873
5-497,C,21.499919
5-498,B,17.604683
5-499,A,10.819164
5-500,A,7.230137
5-501,C,27.561053
5-502,B,18.838255
5-503,C,29.448053
5-504,C,20.341551
5-505,A,10.532284
5-506,D,34.024871
5-507,A,11.521781
5-508,C,35.705009
5-509,A,8.564027
5-510,B,18.099296
5-511,B,29.539293
5-512,B,15.911676
5-513,C,32.781444
5-514,D,58.509955
5-515,D,44.013609
5-516,B,20.377576
5-517,B,15.749511
5-518,A,9.901492
5-519,A,11.314176
5-520,A,11.619453
5-521,B,28.178322
5-522,B,6.919656
5-523,C,27.509078
5-524,C,34.325572
5-525,B,20.122471
5-526,C,22.031358
5-527,D,35.187731
5-528,C,25.40441
5-529,B,20.191145
5-530,D,43.961939
5-531,D,51.592896
5-532,A,10.42079
5-533,D,45.591596
5-534,B,21.809812
5-535,D,36.930188
5-536,A,8.224024
5-537,B,18.638264
5-538,B,16.867153
5-539,B,23.551553
5-540,A,10.784174
5-541,D,38.584296
5-542,D,42.393913
5-543,B,20.504272
5-544,B,18.446618
5-545,D,39.928585
5-546,D,36.188055
5-547,D,42.637627
5-548,C,29.166037
5-549,B,19.607436
5-550,D,50.412098
5-551,A,8.424005
5-552,A,9.738188
5-553,A,10.421254
5-554,D,36.874131
5-555,B,20.189746
5-556,D,35.629702
5-557,C,27.302869
5-558,B,32.289621
5-559,B,15.291409
5-560,B,21.333741
5-561,A,7.194905
5-562,C,25.041185
5-563,C,32.499282
5-564,B,21.959853
5-565,B,16.300458
5-566,B,26.533589
5-567,A,8.856748
5-568,D,43.355089
5-569,D,45.872942
5-570,A,10.538223
5-571,D,37.391358
5-572,B,20.154042
5-573,D,42.595856
5-574,D,37.235999
5-575,C,29.289663
5-576,D,14.011059
5-577,C,31.077227
5-578,A,11.492992
5-579,A,7.911082
5-580,C,29.213257
5-581,B,21.811526
5-582,A,11.337548
5-583,D,39.569361
5-584,B,19.051887
5-585,C,36.3684
5-586,D,45.778998
5-587,D,53.545406
5-588,A,8.596736
5-589,B,20.360868
5-590,D,32.08597
5-591,D,42.074863
5-592,B,15.561559
5-593,C,24.405745
5-594,A,9.440076
5-595,A,8.031346
5-596,D,34.226923
5-597,A,11.750567
5-598,D,34.940845
5-599,B,18.311778
5-600,D,29.627535
5-601,B,23.540489
5-602,D,39.17687
5-603,D,24.891969
5-604,A,11.977875
5-605,C,26.032225
5-606,B,17.58455
5-607,D,47.338878
5-608,C,21.547459
5-609,C,26.476517
5-610,C,23.800028
5-611,B,19.867467
5-612,D,37.416638
5-613,B,24.8242
5-614,B,20.449975
5-615,D,23.328927
5-616,A,9.683566
5-617,C,34.650511
5-618,A,11.557947
5-619,D,53.782282
5-620,D,37.045943
5-621,D,36.409372
5-622,B,14.787669
5-623,A,7.618109
5-624,D,40.726709
5-625,B,13.598402
5-626,D,39.001312
5-627,B,17.311894
5-628,C,41.370014
5-629,A,10.060824
5-630,C,31.037221
5-631,B,22.993585
5-632,D,28.604219
5-633,A,7.614487
5-634,D,33.368767
5-635,A,13.591662
5-636,D,40.618557
5-637,D,36.347366
5-638,A,12.59675
5-639,B,14.229063
5-640,B,18.727386
5-641,C,26.045893
5-642,A,11.130862
5-643,C,35.859229
5-644,C,35.384921
5-645,A,13.916932
5-646,D,34.665763
5-647,C,34.077823
5-648,D,37.531237
5-649,B,23.697534
5-650,A,12.996853
5-651,D,37.911237
5-652,A,10.427251
5-653,C,24.130153
5-654,C,22.760104
5-655,C,30.968042
5-656,A,11.934259
5-657,A,10.639156
5-658,D,53.505989
5-659,D,33.447339
5-660,A,9.296764
5-661,A,8.89201
5-662,D,38.813824
5-663,B,20.5678
5-664,C,28.488392
5-665,D,47.48339
5-666,A,8.336799
5-667,B,19.785152
5-668,D,54.563495
5-669,C,17.890975
5-670,D,32.982699
5-671,C,39.240492
5-672,D,41.734325
5-673,B,16.15571
5-674,C,30.588334
5-675,A,8.752774
5-676,C,34.16005
5-677,B,27.606626
5-678,C,23.77289
5-679,D,33.305207
5-680,D,38.160291
5-681,A,10.447572
5-682,D,40.473077
5-683,A,7.588221
5-684,C,36.672067
5-685,B,23.585617
5-686,D,58.715859
5-687,D,37.77034
5-688,C,28.358811
5-689,D,43.773118
5-690,A,13.445763
5-691,D,30.986373
5-692,A,10.781335
5-693,B,18.248553
5-694,A,7.538429
5-695,C,24.587725
5-696,B,21.431362
5-697,B,19.471978
5-698,A,10.40914
5-699,C,25.350754
5-700,C,34.011654
5-701,A,7.617465
5-702,A,8.189745
5-703,D,41.125306
5-704,D,44.118368
5-705,D,44.447931
5-706,B,23.452349
5-707,B,18.661899
5-708,D,36.278629
5-709,C,21.799119
5-710,A,10.641599
5-711,A,9.85622
5-712,B,16.449624
5-713,D,45.231907
5-714,D,28.645719
5-715,B,15.527052
5-716,B,19.593799
5-717,D,35.810886
5-718,D,40.648147
5-719,D,43.192533
5-720,D,34.587433
5-721,A,13.203523
5-722,B,25.353171
5-723,C,31.537398
5-724,C,23.462568
5-725,C,18.105625
5-726,C,33.951314
5-727,B,28.733709
5-728,D,44.685991
5-729,C,24.496886
5-730,A,10.179932
5-731,D,47.903769
5-732,C,30.754741
5-733,D,30.347161
5-734,A,7.733251
5-735,D,38.891469
5-736,B,18.512805
5-737,C,29.037227
5-738,A,8.565308
5-739,A,9.639015
5-740,C,22.950152
5-741,C,24.17496
5-742,C,26.232925
5-743,A,10.268571
5-744,D,44.382876
5-745,C,33.85893
5-746,B,15.909132
5-747,A,10.25288
5-748,C,29.820227
5-749,B,27.494545
5-750,D,39.542059
5-751,C,31.985161
5-752,A,11.042343
5-753,A,8.918744
5-754,C,29.465187
5-755,D,40.654366
5-756,B,29.442513
5-757,A,9.451182
5-758,B,18.090549
5-759,A,12.239123
5-760,A,7.316305
5-761,D,35.763138
5-762,D,23.72294
5-763,D,44.282859
5-764,C,33.844399
5-765,B,20.478949
5-766,B,23.983997
5-767,D,39.253284
5-768,D,37.554734
5-769,D,33.636266
5-770,B,29.524587
5-771,D,52.425857
5-772,A,8.743776
5-773,D,39.404505
5-774,D,38.513879
5-775,D,24.464635
5-776,A,8.80326
5-777,B,21.654139
5-778,D,42.601439
5-779,B,24.769905
5-780,A,11.026766
5-781,D,38.327546
5-782,B,17.579374
5-783,D,53.983346
5-784,C,34.514467
5-785,D,41.039855
5-786,C,31.754499
5-787,D,33.999221
5-788,D,46.804105
5-789,D,41.311921
5-790,C,28.215184
5-791,B,29.906964
5-792,C,38.492374
5-793,C,28.14696
5-794,A,11.965082
5-795,D,48.579297
5-796,B,24.761997
5-797,A,10.7472
5-798,A,8.780438
5-799,B,12.390627
5-800,C,33.118797
5-801,A,9.410377
5-802,A,10.661146
5-803,A,7.415336
5-804,C,30.145213
5-805,A,11.972536
5-806,C,25.936188
5-807,D,34.008697
5-808,D,38.179121
5-809,A,9.675048
5-810,B,21.843924
5-811,C,27.287625
5-812,B,20.236875
5-813,C,29.034959
5-814,A,12.560591
5-815,C,26.257784
5-816,C,28.864506
5-817,D,35.778848
5-818,D,43.498697
5-819,B,19.734861
5-820,D,23.049886
5-821,B,22.808858
5-822,B,21.119928
5-823,D,54.866626
5-824,C,30.993475
5-825,C,29.320321
5-826,C,31.88419
5-827,D,31.652032
5-828,A,6.789077
5-829,B,23.843263
5-830,C,35.865672
5-831,A,10.676973
5-832,A,10.557733
5-833,A,12.410061
5-834,D,49.050025
5-835,D,32.294572
5-836,C,31.912111
5-837,D,35.102143
5-838,C,26.129977
5-839,C,17.79242
5-840,D,39.941425
5-841,A,8.955638
5-842,B,20.340152
5-843,D,30.030502
5-844,D,36.13545
5-845,C,24.274463
5-846,A,12.410147
5-847,B,22.49918
5-848,A,12.356455
5-849,C,24.344548
5-850,B,16.074329
5-851,C,39.324
5-852,B,16.508277
5-853,D,50.580281
5-854,B,22.361522
5-855,D,31.331582
5-856,A,3.948636
5-857,A,10.132864
5-858,B,23.012649
5-859,C,7.94916
5-860,D,44.331709
5-861,B,12.560632
5-862,C,31.031135
5-863,C,23.38714
5-864,A,6.740002
5-865,A,9.938734
5-866,C,27.650242
5-867,B,15.299407
5-868,C,35.237054
5-869,C,31.767009
5-870,C,25.14806
5-871,B,21.840478
5-872,A,9.647903
5-873,D,41.002887
5-874,A,13.994535
5-875,C,38.222589
5-876,D,41.691672
5-877,C,36.331629
5-878,B,20.734752
5-879,C,25.781696
5-880,C,26.880644
5-881,C,32.981915
5-882,C,37.874706
5-883,A,7.884507
5-884,C,29.970972
5-885,B,20.737501
5-886,B,22.923544
5-887,A,11.170589
5-888,D,34.453373
5-889,C,28.346874
5-890,B,13.226146
5-891,B,16.174015
5-892,C,23.214384
5-893,B,14.932152
5-894,B,19.940969
5-895,D,35.292569
5-896,B,23.540822
5-897,C,30.844918
5-898,C,26.196506
5-899,D,21.751203
5-900,B,22.585299
5-901,D,35.618219
5-902,C,25.869103
5-903,D,44.882864
5-904,B,23.684849
5-905,B,13.706357
5-906,C,30.38716
5-907,C,31.415947
5-908,A,12.331421
5-909,C,28.715469
5-910,D,30.583849
5-911,B,18.569553
5-912,A,8.883119
5-913,D,30.680953
5-914,B,18.870068
5-915,B,12.55051
5-916,D,38.759183
5-917,A,9.963913
5-918,D,44.397495
5-919,C,22.193903
5-920,D,40.418995
5-921,A,7.162269
5-922,D,40.169283
5-923,D,32.689513
5-924,B,17.072583
5-925,D,29.457935
5-926,D,45.479765
5-927,B,20.061025
5-928,D,48.023008
5-929,D,45.783434
5-930,C,18.93423
5-931,A,9.524435
5-932,A,9.728652
5-933,C,28.632741
5-934,B,23.880388
5-935,A,10.572224
5-936,D,45.426305
5-937,A,9.836173
5-938,D,48.24336
5-939,C,18.030677
5-940,D,45.193691
5-941,B,19.928373
5-942,A,11.669382
5-943,C,36.806888
5-944,C,36.815231
5-945,A,10.186414
5-946,D,48.732469
5-947,A,11.212831
5-948,A,10.629579
5-949,B,20.569174
5-950,D,34.976647
5-951,A,10.092509
5-952,D,31.696222
5-953,B,16.179654
5-954,D,49.912738
5-955,D,45.658606
5-956,D,36.643413
5-957,A,8.634737
5-958,A,7.396886
5-959,C,30.554709
5-960,B,16.088273
5-961,B,21.464999
5-962,A,9.086893
5-963,B,19.485474
5-964,A,9.540771
5-965,D,37.423688
5-966,A,8.392596
5-967,B,16.328517
5-968,A,7.083773
5-969,A,15.263011
5-970,A,11.236912
5-971,A,8.026972
5-972,D,48.988859
5-973,C,23.365911
5-974,B,24.800535
5-975,A,9.210106
5-976,C,37.057591
5-977,B,26.338198
5-978,A,9.119259
5-979,B,21.317
5-980,C,22.742708
5-981,C,36.646696
5-982,D,45.853096
5-983,D,45.204895
5-984,A,5.418409
5-985,B,24.307744
5-986,D,48.210722
5-987,B,17.317556
5-988,A,9.911327
5-989,A,12.502686
5-990,A,6.494962
5-991,A,10.920353
5-992,C,19.247873
5-993,A,10.662153
5-994,A,8.762815
5-995,C,24.516236
5-996,D,38.470066
5-997,D,51.29698
5-998,C,24.404196
5-999,C,28.587488
5-1000,D,26.057866
5-1001,B,15.41672
5-1002,D,28.807693
5-1003,C,21.235712
5-1004,C,31.587023
5-1005,A,5.397073
5-1006,A,11.408648
5-1007,B,13.847142
5-1008,D,30.199106
5-1009,D,38.177968
5-1010,C,35.39668
5-1011,A,12.924586
5-1012,C,28.326732
5-1013,C,33.812912
5-1014,B,25.436503
5-1015,B,20.854213
5-1016,A,10.907944
5-1017,A,6.220934
5-1018,A,12.807395
5-1019,D,56.283871
5-1020,C,26.587535
5-1021,B,23.709738
5-1022,D,44.782198
5-1023,A,6.675528
5-1024,D,41.068717
5-1025,A,11.06328
5-1026,A,6.365293
5-1027,B,21.334465
5-1028,A,11.287649
5-1029,B,26.810033
5-1030,A,5.030667
5-1031,D,43.186669
5-1032,B,16.824722
5-1033,A,6.321222
5-1034,C,14.743492
5-1035,A,8.22702
5-1036,D,42.374655
5-1037,B,18.892621
5-1038,C,24.906633
5-1039,B,19.954819
5-1040,A,8.59718
5-1041,D,44.196125
5-1042,D,42.565013
5-1043,D,42.626023
5-1044,A,9.28908
5-1045,A,7.695925
5-1046,A,13.806461
5-1047,D,36.551808
5-1048,D,57.526218
5-1049,C,20.48776
5-1050,B,21.976965
5-1051,D,42.346656
5-1052,D,43.461207
5-1053,A,12.780137
5-1054,A,13.392394
5-1055,D,41.067519
5-1056,D,31.589275
5-1057,D,38.614755
5-1058,C,35.470014
5-1059,B,22.679333
5-1060,C,38.114309
5-1061,D,29.162768
5-1062,C,32.420062
5-1063,B,24.184413
5-1064,C,33.117686
5-1065,D,47.838474
5-1066,D,37.032991
5-1067,B,12.847905
5-1068,C,37.153684
5-1069,D,45.922591
5-1070,A,10.18872
5-1071,B,22.340563
5-1072,D,39.870764
5-1073,C,28.518955
5-1074,A,11.375081
5-1075,A,8.738391
5-1076,D,44.162203
5-1077,C,19.50712
5-1078,A,6.498225
5-1079,B,13.341182
5-1080,B,20.957794
5-1081,D,51.440751
5-1082,D,47.417739
5-1083,D,50.338481
5-1084,A,9.437567
5-1085,C,24.573846
5-1086,B,20.865015
5-1087,C,40.325168
5-1088,A,6.437237
5-1089,A,12.816058
5-1090,D,45.164947
5-1091,A,12.993366
5-1092,C,28.161165
5-1093,D,27.303619
5-1094,A,8.133046
5-1095,B,13.980125
5-1096,A,12.573612
5-1097,A,9.51543
5-1098,C,37.994687
5-1099,B,17.953314
5-1100,C,34.359098
5-1101,B,18.656024
5-1102,D,40.017266
5-1103,A,12.137545
5-1104,D,29.450891
5-1105,B,21.976972
5-1106,C,25.001421
5-1107,C,30.401558
5-1108,A,9.361346
5-1109,B,15.720944
5-1110,A,10.728252
5-1111,C,23.38057
5-1112,B,24.055571
5-1113,D,41.05527
5-1114,C,35.854351
5-1115,B,24.181524
5-1116,D,27.269203
5-1117,D,37.7148
5-1118,A,6.115362
5-1119,B,14.048621
5-1120,C,37.104936
5-1121,A,11.819193
5-1122,C,25.747339
5-1123,B,23.98323
5-1124,D,45.810472
5-1125,B,23.505353
5-1126,B,27.288701
5-1127,C,38.163542
5-1128,A,12.332254
5-1129,D,50.014104
5-1130,D,45.648993
5-1131,A,9.846811
5-1132,C,32.461848
5-1133,C,21.990477
5-1134,C,35.904271
5-1135,C,26.755458
5-1136,B,21.233647
5-1137,D,36.594212
5-1138,D,32.862427
5-1139,A,9.819509
5-1140,D,37.521075
5-1141,C,28.775085
5-1142,A,8.535817
5-1143,B,20.724969
5-1144,C,25.963885
5-1145,A,12.533106
5-1146,C,31.293311
5-1147,D,40.077034
5-1148,C,26.14353
5-1149,A,7.131344
5-1150,D,34.018408
5-1151,D,43.487593
5-1152,C,35.65208
5-1153,B,23.323303
5-1154,A,10.92552
5-1155,D,47.715829
5-1156,B,21.802151
5-1157,B,25.158472
5-1158,B,23.326883
5-1159,C,27.263316
5-1160,A,9.732349
5-1161,B,20.460682
5-1162,C,31.806815
5-1163,D,33.55429
5-1164,D,37.701148
5-1165,D,32.899491
5-1166,A,10.321826
5-1167,A,9.146875
5-1168,A,9.05648
5-1169,D,34.511906
5-1170,B,14.651957
5-1171,A,8.779005
5-1172,B,22.245772
5-1173,B,15.810446
5-1174,C,25.156493
5-1175,A,9.798334
5-1176,A,11.504618
5-1177,B,23.399016
5-1178,D,52.266898
5-1179,C,28.816973
5-1180,D,24.134042
5-1181,B,9.47912
5-1182,A,10.448239
5-1183,D,36.882371
5-1184,C,28.954583
5-1185,C,37.72398
5-1186,A,10.107533
5-1187,B,19.867547
5-1188,A,11.42986
5-1189,B,9.757308
5-1190,B,18.89307
5-1191,D,39.02251
5-1192,C,33.854816
5-1193,D,30.383072
5-1194,C,25.284955
5-1195,B,18.849353
5-1196,B,17.028164
5-1197,B,20.672454
5-1198,D,33.507741
5-1199,B,16.078338
5-1200,A,11.329494
5-1201,D,37.448308
5-1202,C,13.931676
5-1203,A,12.954129
5-1204,A,8.20413
5-1205,A,9.360785
5-1206,A,12.229946
5-1207,A,7.405878
5-1208,A,9.993649
5-1209,C,29.942588
5-1210,B,17.776005
5-1211,D,41.260058
5-1212,D,30.359931
5-1213,B,14.891115
5-1214,A,16.06947
5-1215,A,6.059372
5-1216,D,60.954037
5-1217,A,12.486018
5-1218,D,35.59486
5-1219,B,18.944839
5-1220,B,23.733219
5-1221,D,32.353038
5-1222,D,43.792735
5-1223,A,11.658344
5-1224,C,35.505928
5-1225,A,7.514226
5-1226,D,53.890411
5-1227,B,20.113836
5-1228,D,38.873488
5-1229,B,14.466826
5-1230,C,38.102031
5-1231,D,24.909967
5-1232,B,16.62144
5-1233,B,25.955148
5-1234,C,21.910099
5-1235,D,33.734506
5-1236,B,13.602156
5-1237,D,34.985302
5-1238,C,25.8317
5-1239,A,8.76312
5-1240,A,7.344517
5-1241,B,15.641396
5-1242,B,15.061131
5-1243,C,39.017617
5-1244,D,42.555268
5-1245,B,18.125922
5-1246,C,26.617599
5-1247,A,10.819128
5-1248,D,49.43416
5-1249,C,33.985617
5-1250,C,37.396575
5-1251,C,28.102134
5-1252,B,25.650058
5-1253,D,41.323116
5-1254,A,9.636499
5-1255,A,12.62817
5-1256,C,36.195306
5-1257,C,32.657147
5-1258,B,18.514047
5-1259,A,8.948722
5-1260,C,27.784573
5-1261,A,11.377972
5-1262,A,7.443104
5-1263,A,8.942323
5-1264,D,33.268203
5-1265,C,24.865774
5-1266,C,23.277557
5-1267,C,28.451427
5-1268,A,11.427562
5-1269,B,15.603536
5-1270,D,47.110359
5-1271,D,56.110403
5-1272,C,28.919841
5-1273,D,24.744531
5-1274,B,27.484183
5-1275,A,9.700529
5-1276,C,28.818724
5-1277,D,40.438003
5-1278,C,40.180557
5-1279,C,18.314524
5-1280,D,38.041572
5-1281,B,22.030697
5-1282,C,23.828545
5-1283,C,39.224511
5-1284,D,27.548034
5-1285,C,29.987197
5-1286,D,45.352635
5-1287,A,7.058566
5-1288,A,8.448484
5-1289,A,12.463216
5-1290,B,20.742691
5-1291,B,16.158795
5-1292,C,28.566303
5-1293,C,25.209473
5-1294,D,39.663373
5-1295,C,29.477316
5-1296,A,9.487661
5-1297,D,39.001571
5-1298,B,18.865701
5-1299,D,45.917466
5-1300,A,8.635895
5-1301,D,34.778871
5-1302,D,52.200928
5-1303,D,30.844038
5-1304,D,38.089488
5-1305,A,11.917908
5-1306,B,18.936051
5-1307,A,10.921845
5-1308,A,11.890006
5-1309,A,7.675643
5-1310,D,40.011089
5-1311,C,38.587659
5-1312,A,6.298082
5-1313,B,19.772447
5-1314,A,9.488972
5-1315,A,8.949237
5-1316,C,31.49496
5-1317,C,22.418511
5-1318,D,40.116822
5-1319,D,63.021466
5-1320,B,27.05306
5-1321,D,33.444427
5-1322,C,35.467359
5-1323,C,28.506138
5-1324,C,34.603223
5-1325,C,35.478455
5-1326,D,45.405374
5-1327,D,34.715623
5-1328,D,37.715958
5-1329,D,60.84066
5-1330,B,18.114783
5-1331,D,34.233051
5-1332,A,10.104874
5-1333,B,21.280727
5-1334,C,26.33233
5-1335,C,34.894436
5-1336,C,32.570779
5-1337,D,35.188062
5-1338,C,33.08965
5-1339,C,33.559674
5-1340,C,25.26325
5-1341,A,10.457413
5-1342,C,26.285567
5-1343,D,45.150816
5-1344,B,20.436336
5-1345,D,30.860589
5-1346,C,23.023146
5-1347,A,6.850954
5-1348,D,36.83298
5-1349,D,35.73566
5-1350,C,26.878083
5-1351,C,25.409024
5-1352,B,22.127403
5-1353,A,12.194424
5-1354,B,20.223704
5-1355,B,29.248184
5-1356,C,37.896068
5-1357,D,45.494716
5-1358,D,39.359617
5-1359,A,9.193803
5-1360,A,9.561278
5-1361,D,32.411912
5-1362,C,33.668018
5-1363,A,9.523306
5-1364,C,14.599347
5-1365,C,25.47277
5-1366,B,7.990661
5-1367,B,24.887197
5-1368,D,34.300823
5-1369,C,27.874544
5-1370,B,23.35392
5-1371,D,38.689235
5-1372,D,36.859941
5-1373,B,15.438417
5-1374,D,49.85904
5-1375,A,11.385334
5-1376,D,42.671631
5-1377,C,24.453425
5-1378,A,8.745244
5-1379,D,38.722525
5-1380,C,31.169881
5-1381,D,42.547726
5-1382,A,9.698283
5-1383,C,28.903145
5-1384,B,18.886814
5-1385,D,36.328077
5-1386,A,7.877354
5-1387,D,48.983762
5-1388,C,42.084997
5-1389,C,34.971711
5-1390,C,24.604112
5-1391,D,33.143566
5-1392,D,33.058172
5-1393,A,9.139975
5-1394,B,18.496411
5-1395,A,10.439774
5-1396,D,31.297327
5-1397,B,19.493879
5-1398,A,10.602028
5-1399,B,13.955131
5-1400,C,25.520527
5-1401,B,18.320892
5-1402,B,21.12538
5-1403,C,12.049988
5-1404,B,22.176385
5-1405,A,13.484243
5-1406,B,19.14949
5-1407,D,46.806697
5-1408,A,12.955665
5-1409,B,16.606704
5-1410,D,39.316185
5-1411,A,11.353848
5-1412,C,24.08544
5-1413,D,34.499717
5-1414,B,24.144617
5-1415,B,24.630159
5-1416,B,22.495294
5-1417,A,10.902094
5-1418,B,18.447389
5-1419,D,39.514909
5-1420,A,10.762475
5-1421,D,24.629413
5-1422,B,21.548736
5-1423,B,17.200194
5-1424,C,29.83534
5-1425,D,39.535537
5-1426,B,20.104755
5-1427,C,35.73227
5-1428,A,9.296729
5-1429,D,28.942825
5-1430,A,10.675862
5-1431,A,8.339795
5-1432,C,27.786203
5-1433,C,17.945468
5-1434,B,27.423617
5-1435,A,8.718956
5-1436,D,43.62063
5-1437,D,43.890038
5-1438,C,39.350963
5-1439,C,32.624997
5-1440,C,30.943659
5-1441,B,21.135405
5-1442,B,17.066772
5-1443,B,25.046159
5-1444,B,19.657325
5-1445,C,42.637355
5-1446,B,23.914753
5-1447,A,10.57479
5-1448,A,12.752758
5-1449,A,9.885997
5-1450,C,25.098613
5-1451,B,23.679662
5-1452,D,32.558188
5-1453,B,24.285755
5-1454,C,36.618859
5-1455,C,32.219949
5-1456,D,24.045611
5-1457,B,16.70109
5-1458,B,15.04377
5-1459,D,56.889489
5-1460,B,14.666828
5-1461,A,9.847049
5-1462,B,12.232031
5-1463,D,34.235869
5-1464,C,24.1435
5-1465,A,9.629194
5-1466,A,12.234811
5-1467,D,30.973849
5-1468,B,23.508375
5-1469,A,6.58985
5-1470,D,30.71663
5-1471,B,15.43078
5-1472,D,39.758293
5-1473,C,29.807772
5-1474,A,9.265785
5-1475,C,36.243072
5-1476,A,12.901213
5-1477,A,12.180856
5-1478,C,20.231072
5-1479,C,35.997025
5-1480,C,19.83433
5-1481,A,9.661991
5-1482,D,31.749367
5-1483,D,56.688828
5-1484,B,21.255645
5-1485,B,22.087251
5-1486,A,9.995053
5-1487,D,41.530767
5-1488,B,18.082073
5-1489,A,7.568991
5-1490,D,45.410688
5-1491,A,8.200214
5-1492,B,17.805527
5-1493,A,11.007246
5-1494,A,13.191389
5-1495,B,10.624712
5-1496,A,11.143394
5-1497,D,39.302479
5-1498,A,10.746168
5-1499,B,21.662507
5-1500,D,32.347156
5-1501,A,5.978519
5-1502,C,40.308254
5-1503,C,30.128175
5-1504,C,29.001094
5-1505,B,22.143248
5-1506,B,19.80275
5-1507,B,20.827473
5-1508,B,20.20347
5-1509,A,9.330404
5-1510,A,10.793435
5-1511,B,24.058661
5-1512,B,19.728389
5-1513,A,11.460449
5-1514,D,28.450439
5-1515,B,17.406793
5-1516,C,30.441157
5-1517,C,33.5374
5-1518,D,54.15112
5-1519,D,52.726846
5-1520,B,12.794826
5-1521,C,23.294215
5-1522,D,38.672276
5-1523,C,19.284012
5-1524,A,12.005404
5-1525,D,34.142043
5-1526,D,33.343663
5-1527,D,36.339473
5-1528,A,10.138106
5-1529,B,19.812553
5-1530,A,9.6423
5-1531,A,9.556731
5-1532,D,40.465373
5-1533,D,58.438217
5-1534,A,13.359025
5-1535,A,13.526053
5-1536,C,19.837554
5-1537,B,23.556046
5-1538,D,52.022011
5-1539,B,22.776154
5-1540,D,41.729854
5-1541,C,33.105595
5-1542,D,35.794519
5-1543,B,12.276797
5-1544,B,19.050829
5-1545,B,17.548411
5-1546,A,9.778803
5-1547,B,22.370604
5-1548,B,20.925383
5-1549,B,22.178622
5-1550,B,13.039357
5-1551,B,19.0297
5-1552,C,31.594582
5-1553,C,33.208978
5-1554,A,8.272914
5-1555,A,11.526842
5-1556,C,39.687589
5-1557,A,8.208075
5-1558,A,11.686754
5-1559,B,19.971832
5-1560,C,28.129241
5-1561,B,22.009777
5-1562,C,32.222085
5-1563,A,8.162104
5-1564,B,17.446724
5-1565,C,28.040004
5-1566,A,9.192078
5-1567,B,28.605039
5-1568,B,17.232301
5-1569,A,8.267706
5-1570,C,40.519629
5-1571,B,16.323062
5-1572,B,19.068686
5-1573,C,23.622507
5-1574,A,9.576455
5-1575,A,6.399197
5-1576,C,30.074233
5-1577,C,31.53499
5-1578,C,24.735014
5-1579,C,27.861959
5-1580,A,3.848577
5-1581,C,28.982434
5-1582,D,43.490873
5-1583,B,21.838007
5-1584,A,10.189374
5-1585,D,40.027033
5-1586,A,7.457249
5-1587,C,27.114604
5-1588,C,24.79595
5-1589,D,45.465417
5-1590,C,34.102767
5-1591,C,37.265678
5-1592,B,19.373079
5-1593,D,20.177199
5-1594,C,38.266724
5-1595,D,42.929166
5-1596,B,18.879211
5-1597,A,9.058217
5-1598,B,18.948204
5-1599,C,32.748322
5-1600,C,32.184612
5-1601,A,9.415174
5-1602,A,13.173048
5-1603,C,22.340136
5-1604,D,42.975228
5-1605,A,11.528967
5-1606,B,16.37546
5-1607,D,43.819506
5-1608,A,11.04325
5-1609,C,16.381361
5-1610,A,9.820431
5-1611,C,22.240344
5-1612,D,45.218234
5-1613,C,30.88521
5-1614,B,24.175723
5-1615,C,20.315122
5-1616,B,22.307312
5-1617,D,39.370225
5-1618,C,28.749753
5-1619,B,26.386562
5-1620,B,25.618176
5-1621,C,28.844747
5-1622,B,19.583774
5-1623,B,21.327063
5-1624,D,44.102604
5-1625,C,31.476241
5-1626,B,20.330058
5-1627,A,9.430378
5-1628,C,23.680097
5-1629,B,11.624304
5-1630,A,6.899588
5-1631,C,21.364445
5-1632,B,18.574558
5-1633,B,10.372104
5-1634,B,22.386146
5-1635,D,39.741781
5-1636,C,25.821654
5-1637,D,36.635755
5-1638,A,7.339388
5-1639,D,44.616054
5-1640,C,28.584721
5-1641,B,24.657665
5-1642,A,7.130114
5-1643,A,10.609758
5-1644,D,27.120922
5-1645,A,9.506601
5-1646,A,11.292492
5-1647,C,33.172454
5-1648,A,8.10753
5-1649,C,35.901554
5-1650,B,25.185014
5-1651,D,48.021412
5-1652,C,28.174017
5-1653,A,7.154839
5-1654,C,29.911584
5-1655,A,10.758984
5-1656,A,7.124775
5-1657,A,11.15259
5-1658,C,33.212402
5-1659,A,9.389364
5-1660,C,26.275489
5-1661,D,37.72235
5-1662,C,34.412696
5-1663,B,21.092609
5-1664,A,10.533339
5-1665,C,30.621848
5-1666,B,26.40059
5-1667,C,34.894927
5-1668,A,10.391685
5-1669,D,47.453833
5-1670,C,36.03091
5-1671,D,42.005324
5-1672,D,47.363455
5-1673,A,9.608705
5-1674,C,35.440528
5-1675,C,34.858529
5-1676,A,9.796578
5-1677,C,31.075693
5-1678,A,9.894471
5-1679,D,44.228655
5-1680,D,44.416421
5-1681,C,31.116659
5-1682,B,18.085801
5-1683,C,29.265025
5-1684,A,13.22599
5-1685,D,51.739003
5-1686,B,22.98509
5-1687,A,8.307467
5-1688,C,31.510684
5-1689,B,23.709436
5-1690,C,34.573614
5-1691,D,45.166199
5-1692,C,34.591348
5-1693,D,40.401277
5-1694,B,23.495195
5-1695,A,9.396111
5-1696,A,7.648166
5-1697,A,10.047622
5-1698,B,22.621461
5-1699,C,35.110708
5-1700,A,4.270851
5-1701,C,24.919775
5-1702,B,19.748453
5-1703,D,41.5274
5-1704,A,9.863035
5-1705,B,15.777508
5-1706,C,30.428878
5-1707,B,17.120463
5-1708,D,51.591178
5-1709,B,21.448378
5-1710,A,11.334133
5-1711,A,7.683078
5-1712,C,30.19386
5-1713,A,9.547846
5-1714,B,24.032619
5-1715,D,26.291248
5-1716,A,12.6587
5-1717,B,19.797452
5-1718,D,44.278539
5-1719,A,8.666944
5-1720,C,27.020195
5-1721,C,18.40101
5-1722,B,20.979066
5-1723,B,17.020036
5-1724,C,27.077058
5-1725,B,12.842906
5-1726,D,29.699806
5-1727,D,45.13679
5-1728,B,13.838775
5-1729,D,37.444401
5-1730,D,47.94415
5-1731,A,8.444133
5-1732,A,7.508765
5-1733,B,28.513205
5-1734,B,18.579458
5-1735,C,23.601251
5-1736,B,24.184451
5-1737,D,41.016133
5-1738,D,35.684761
5-1739,D,36.071918
5-1740,D,37.127823
5-1741,D,40.761123
5-1742,A,5.800648
5-1743,C,29.153299
5-1744,A,6.454447
5-1745,C,29.778286
5-1746,A,9.153833
5-1747,B,12.232385
5-1748,B,19.91368
5-1749,C,27.291392
5-1750,D,37.618009
5-1751,B,19.380535
5-1752,B,21.016292
5-1753,D,32.373378
5-1754,B,24.326352
5-1755,B,20.440565
5-1756,C,29.063581
5-1757,D,28.001138
5-1758,D,51.31578
5-1759,D,44.312135
5-1760,D,43.569511
5-1761,A,4.561612
5-1762,C,34.438193
5-1763,A,10.015296
5-1764,B,16.747442
5-1765,D,29.989103
5-1766,D,44.481633
5-1767,D,36.665184
5-1768,A,10.319112
5-1769,B,15.891239
5-1770,B,22.17538
5-1771,C,22.615916
5-1772,A,7.587367
5-1773,D,47.869042
5-1774,D,52.675099
5-1775,C,30.51342
5-1776,A,9.542623
5-1777,A,9.924238
5-1778,C,30.928461
5-1779,A,9.449226
5-1780,B,25.404041
5-1781,B,21.498511
5-1782,C,39.011621
5-1783,A,10.933543
5-1784,C,45.348058
5-1785,D,37.875838
5-1786,C,29.087898
5-1787,C,32.236535
5-1788,A,10.86853
5-1789,D,34.833935
5-1790,A,8.495392
5-1791,B,22.412759
5-1792,A,9.181588
5-1793,A,10.322737
5-1794,A,9.783637
5-1795,B,11.424892
5-1796,D,33.748278
5-1797,A,10.065679
5-1798,B,26.429185
5-1799,D,54.389182
5-1800,D,37.247127
5-1801,A,13.724188
5-1802,A,10.225662
5-1803,C,23.619841
5-1804,C,39.123619
5-1805,A,10.448252
5-1806,C,32.647417
5-1807,B,24.32035
5-1808,A,8.924553
5-1809,B,23.776185
5-1810,B,19.047469
5-1811,B,19.096523
5-1812,D,45.178196
5-1813,A,10.296022
5-1814,B,17.048131
5-1815,D,43.03148
5-1816,D,49.758243
5-1817,D,26.62638
5-1818,C,36.242741
5-1819,C,21.785347
5-1820,A,11.15591
5-1821,D,36.106277
5-1822,C,34.161475
5-1823,D,57.812669
5-1824,A,8.783931
5-1825,D,39.443777
5-1826,A,10.249754
5-1827,B,13.680013
5-1828,D,24.73268
5-1829,A,9.025796
5-1830,A,10.006444
5-1831,A,11.112368
5-1832,B,21.766434
5-1833,A,8.736159
5-1834,D,52.143665
5-1835,A,10.183902
5-1836,D,32.819489
5-1837,C,37.663008
5-1838,A,11.526414
5-1839,A,8.681731
5-1840,D,44.534321
5-1841,C,26.808498
5-1842,A,9.32878
5-1843,C,40.31063
5-1844,D,38.269828
5-1845,B,15.819759
5-1846,B,15.689525
5-1847,D,18.438935
5-1848,B,19.294485
5-1849,C,30.485636
5-1850,A,10.951353
5-1851,B,23.428954
5-1852,C,33.680742
5-1853,C,25.028163
5-1854,B,25.137535
5-1855,C,24.60831
5-1856,D,25.937399
5-1857,C,27.226252
5-1858,B,23.488956
5-1859,D,30.371666
5-1860,C,22.641088
5-1861,A,13.276593
5-1862,A,11.11612
5-1863,D,48.931367
5-1864,D,49.856633
5-1865,C,34.325542
5-1866,C,31.556945
5-1867,B,26.262187
5-1868,D,46.417317
5-1869,A,8.894858
5-1870,A,7.857916
5-1871,B,19.67392
5-1872,D,33.092653
5-1873,B,17.395005
5-1874,A,8.620714
5-1875,C,29.247586
5-1876,B,19.823227
5-1877,B,19.302782
5-1878,C,33.294107
5-1879,D,38.016396
5-1880,C,32.226131
5-1881,D,44.492108
5-1882,A,8.550204
5-1883,B,26.438626
5-1884,A,10.072789
5-1885,D,31.568949
5-1886,A,11.987129
5-1887,D,23.274155
5-1888,A,11.654806
5-1889,D,44.120879
5-1890,C,21.63958
5-1891,B,19.801195
5-1892,C,33.959914
5-1893,D,45.582634
5-1894,C,20.470216
5-1895,B,17.830864
5-1896,C,29.970794
5-1897,A,12.8535
5-1898,C,28.521912
5-1899,A,7.238589
5-1900,B,23.71519
5-1901,B,16.566683
5-1902,B,19.914507
5-1903,D,32.219017
5-1904,A,2.669106
5-1905,C,26.77474
5-1906,D,44.349282
5-1907,D,39.902489
5-1908,C,33.807852
5-1909,B,19.811667
5-1910,A,7.378284
5-1911,A,13.881124
5-1912,D,56.787074
5-1913,A,10.440773
5-1914,A,10.889946
5-1915,D,28.008769
5-1916,D,42.978561
5-1917,A,9.725622
5-1918,B,22.514567
5-1919,C,27.673184
5-1920,C,37.401857
5-1921,B,22.338693
5-1922,C,24.248189
5-1923,B,25.488011
5-1924,B,20.920619
5-1925,A,7.478652
5-1926,C,24.135006
5-1927,C,21.862726
5-1928,B,20.650943
5-1929,C,29.123202
5-1930,B,17.893249
5-1931,B,19.647828
5-1932,C,30.967273
5-1933,A,9.377595
5-1934,D,31.301
5-1935,C,29.656896
5-1936,C,40.398938
5-1937,B,20.025548
5-1938,C,16.964059
5-1939,D,41.73539
5-1940,A,8.849956
5-1941,D,33.471164
5-1942,B,20.810689
5-1943,C,35.830839
5-1944,B,24.449878
5-1945,A,9.605886
5-1946,C,30.241085
5-1947,D,36.476831
5-1948,B,22.052077
5-1949,D,45.636296
5-1950,A,8.495593
5-1951,B,16.303554
5-1952,C,26.421128
5-1953,C,24.90214
5-1954,A,8.884909
5-1955,D,41.649818
5-1956,C,29.768409
5-1957,A,7.733996
5-1958,D,54.705333
5-1959,D,46.730599
5-1960,A,12.608456
5-1961,A,11.434561
5-1962,D,34.048957
5-1963,A,14.00761
5-1964,A,11.212541
5-1965,C,22.883652
5-1966,D,33.709881
5-1967,C,20.506035
5-1968,D,44.140634
5-1969,B,16.176521
5-1970,D,32.223492
5-1971,C,30.827121
5-1972,A,11.119234
5-1973,D,45.018419
5-1974,A,9.796246
5-1975,B,21.929893
5-1976,D,37.682804
5-1977,B,28.123814
5-1978,B,16.732373
5-1979,D,43.692304
5-1980,C,31.793273
5-1981,D,45.151542
5-1982,D,36.752737
5-1983,C,32.871759
5-1984,C,23.935799
5-1985,A,13.139267
5-1986,B,20.962838
5-1987,B,14.789393
5-1988,D,35.153514
5-1989,B,22.882841
5-1990,D,33.772953
5-1991,B,15.311478
5-1992,B,16.910437
5-1993,C,19.133829
5-1994,D,46.029742
5-1995,C,30.969954
5-1996,D,45.002629
5-1997,B,17.184452
5-1998,A,12.339079
5-1999,D,44.264391
5-2000,D,42.294745
5-2001,B,11.942735
5-2002,D,54.595885
5-2003,C,34.529267
5-2004,B,23.228667
5-2005,A,8.195339
5-2006,C,30.876977
5-2007,C,22.807407
5-2008,C,30.504048
5-2009,D,44.193798
5-2010,B,16.712218
5-2011,B,18.951911
5-2012,C,37.697671
5-2013,C,33.086277
5-2014,A,9.33116
5-2015,D,47.970103
5-2016,A,7.874824
5-2017,B,18.929656
5-2018,C,33.433886
5-2019,B,19.061774
5-2020,C,23.769732
5-2021,A,10.834402
5-2022,C,23.763658
5-2023,D,42.968221
5-2024,A,8.890189
5-2025,D,46.863123
5-2026,B,24.25285
5-2027,D,43.67933
5-2028,D,43.279938
5-2029,D,35.156986
5-2030,B,20.742743
5-2031,B,20.310701
5-2032,A,6.50621
5-2033,D,33.513099
5-2034,D,28.093079
5-2035,A,11.750569
5-2036,D,46.41526
5-2037,D,51.602925
5-2038,D,22.055074
5-2039,B,21.161066
5-2040,A,8.739511
5-2041,D,39.930034
5-2042,B,23.281659
5-2043,D,46.642872
5-2044,D,51.762074
5-2045,A,10.802752
5-2046,D,41.922363
5-2047,C,27.793134
5-2048,C,26.795294
5-2049,D,41.089839
5-2050,C,28.599161
5-2051,C,26.337673
5-2052,B,18.898319
5-2053,A,9.612058
5-2054,B,19.599062
5-2055,D,42.944671
5-2056,B,19.977407
5-2057,C,34.753683
5-2058,D,47.304386
5-2059,A,6.78939
5-2060,A,9.014937
5-2061,B,22.865457
5-2062,B,24.843237
5-2063,C,27.570258
5-2064,A,6.717457
5-2065,A,11.190751
5-2066,D,43.775825
5-2067,D,32.33362
5-2068,D,50.781795
5-2069,A,9.575571
5-2070,B,26.358693
5-2071,C,36.675838
5-2072,C,30.154828
5-2073,D,45.286951
5-2074,C,32.798345
5-2075,A,11.497809
5-2076,B,22.908083
5-2077,B,19.272724
5-2078,A,11.15759
5-2079,C,30.732025
5-2080,D,26.939457
5-2081,A,11.034804
5-2082,C,22.168292
5-2083,C,25.737713
5-2084,D,34.275365
5-2085,D,41.046396
5-2086,A,8.422619
5-2087,B,23.795188
5-2088,C,26.346583
5-2089,A,9.588527
5-2090,C,31.335151
5-2091,C,26.028181
5-2092,C,19.836975
5-2093,B,25.724225
5-2094,D,47.817101
5-2095,B,16.081157
5-2096,D,34.140494
5-2097,C,29.984748
5-2098,C,27.548072
5-2099,A,5.807718
5-2100,A,7.564584
5-2101,B,12.140773
5-2102,B,21.679168
5-2103,B,12.256152
5-2104,B,17.403888
5-2105,A,8.550582
5-2106,C,41.869034
5-2107,C,44.458558
5-2108,B,14.041874
5-2109,A,7.340475
5-2110,A,9.065598
5-2111,D,36.737877
5-2112,C,38.291484
5-2113,C,27.704154
5-2114,A,7.321571
5-2115,B,22.48521
5-2116,A,7.091925
5-2117,D,33.994451
5-2118,B,21.258399
5-2119,A,9.369632
5-2120,B,13.605026
5-2121,B,19.533013
5-2122,A,13.314343
5-2123,C,37.698047
5-2124,C,36.47828
5-2125,D,36.594711
5-2126,A,4.566656
5-2127,A,12.368402
5-2128,D,20.480544
5-2129,A,9.604901
5-2130,C,28.331009
5-2131,A,6.109684
5-2132,C,26.166119
5-2133,D,28.744016
5-2134,A,12.72948
5-2135,B,22.967436
5-2136,A,11.841016
5-2137,B,12.189031
5-2138,B,12.305701
5-2139,D,48.9336
5-2140,C,30.927514
5-2141,A,10.87651
5-2142,A,11.550831
5-2143,C,27.048276
5-2144,B,14.04853
5-2145,D,33.656932
5-2146,A,6.837828
5-2147,A,7.812581
5-2148,A,10.157258
5-2149,D,46.629279
5-2150,D,34.931907
5-2151,B,25.66017
5-2152,A,13.145966
5-2153,C,23.90756
5-2154,B,20.203077
5-2155,A,9.561008
5-2156,A,7.873044
5-2157,A,11.159828
5-2158,A,6.949381
5-2159,B,29.570403
5-2160,D,47.837656
5-2161,B,20.446218
5-2162,C,22.402219
5-2163,B,25.824625
5-2164,C,35.521176
5-2165,B,17.139683
5-2166,A,12.646203
5-2167,A,10.049596
5-2168,A,8.750551
5-2169,A,11.30378
5-2170,C,31.970775
5-2171,C,40.488221
5-2172,D,39.427141
5-2173,A,5.425599
5-2174,C,37.013759
5-2175,C,29.750321
5-2176,D,37.273919
5-2177,C,42.271619
5-2178,C,18.628839
5-2179,D,59.22557
5-2180,B,21.695681
5-2181,C,34.179091
5-2182,D,40.504289
5-2183,C,21.046453
5-2184,A,12.501132
5-2185,B,22.772647
5-2186,C,30.858616
5-2187,A,10.862842
5-2188,B,13.103115
5-2189,A,9.71567
5-2190,D,43.181767
5-2191,D,32.560743
5-2192,A,7.863574
5-2193,C,23.633252
5-2194,B,24.274324
5-2195,C,33.141216
5-2196,D,27.538564
5-2197,C,28.177951
5-2198,B,18.244385
5-2199,A,9.309269
5-2200,A,12.404696
5-2201,B,19.897782
5-2202,C,31.564842
5-2203,C,19.552875
5-2204,D,34.677605
5-2205,A,9.883311
5-2206,B,17.247405
5-2207,D,40.756772
5-2208,B,20.022094
5-2209,C,26.537456
5-2210,D,28.855269
5-2211,C,26.265638
5-2212,B,18.422228
5-2213,D,31.742597
5-2214,A,10.510311
5-2215,A,8.547758
5-2216,C,28.91909
5-2217,C,27.200195
5-2218,A,8.605889
5-2219,A,12.990875
5-2220,B,18.451878
5-2221,A,6.952112
5-2222,D,40.397254
5-2223,C,29.715388
5-2224,C,27.056205
5-2225,B,25.514082
5-2226,B,17.591996
5-2227,A,7.951199
5-2228,A,11.865932
5-2229,C,24.380122
5-2230,B,16.543512
5-2231,D,55.100984
5-2232,B,18.31937
5-2233,A,11.696606
5-2234,C,28.326973
5-2235,D,58.666132
5-2236,A,13.538056
5-2237,B,22.939494
5-2238,B,21.624863
5-2239,C,32.322357
5-2240,A,7.87562
5-2241,A,10.05003
5-2242,A,11.285826
5-2243,B,17.727651
5-2244,B,19.980587
5-2245,D,52.472788
5-2246,C,32.913095
5-2247,D,38.114663
5-2248,A,11.341124
5-2249,D,45.837379
5-2250,C,16.687451
5-2251,A,9.544924
5-2252,A,11.062105
5-2253,B,21.116458
5-2254,B,20.852709
5-2255,D,39.753196
5-2256,D,33.120374
5-2257,C,27.175915
5-2258,D,29.829289
5-2259,B,12.950574
5-2260,B,14.490889
5-2261,B,18.272829
5-2262,D,36.340256
5-2263,B,19.943171
5-2264,C,27.512457
5-2265,B,28.255539
5-2266,A,9.999675
5-2267,A,8.434608
5-2268,C,37.142656
5-2269,A,9.720536
5-2270,C,29.284861
5-2271,C,24.304613
5-2272,B,18.509131
5-2273,B,19.766667
5-2274,D,51.370319
5-2275,D,56.157713
5-2276,B,25.32808
5-2277,D,46.373132
5-2278,B,10.305251
5-2279,A,11.024046
5-2280,A,10.95882
5-2281,A,8.323375
5-2282,C,29.276756
5-2283,A,5.665547
5-2284,C,28.600956
5-2285,C,32.217705
5-2286,C,27.894777
5-2287,B,13.073285
5-2288,D,39.577615
5-2289,B,25.613032
5-2290,B,22.189559
5-2291,C,32.263186
5-2292,B,19.556603
5-2293,B,24.857095
5-2294,A,9.778584
5-2295,B,19.270649
5-2296,A,8.625448
5-2297,B,16.521699
5-2298,D,38.507233
5-2299,B,21.744037
5-2300,C,33.166909
5-2301,C,34.115195
5-2302,D,36.13415
5-2303,B,19.808777
5-2304,A,8.712778
5-2305,D,59.538117
5-2306,B,19.491521
5-2307,B,17.173999
5-2308,A,11.208898
5-2309,A,8.916683
5-2310,B,21.972807
5-2311,B,20.194777
5-2312,A,9.664278
5-2313,C,34.991005
5-2314,B,22.614457
5-2315,D,43.032782
5-2316,A,11.879224
5-2317,B,19.148075
5-2318,B,28.072025
5-2319,A,6.727404
5-2320,B,14.101267
5-2321,D,45.786716
5-2322,D,31.692567
5-2323,D,31.903859
5-2324,B,16.443609
5-2325,D,49.593703
5-2326,C,33.653026
5-2327,A,10.648219
5-2328,D,34.908243
5-2329,D,26.90122
5-2330,D,44.297204
5-2331,D,47.577171
5-2332,B,20.827694
5-2333,A,12.015366
5-2334,A,5.883482
5-2335,C,34.631721
5-2336,D,35.400382
5-2337,C,38.086143
5-2338,B,21.239653
5-2339,B,21.289507
5-2340,D,48.486385
5-2341,C,15.179473
5-2342,B,24.287184
5-2343,B,24.484901
5-2344,B,14.796057
5-2345,B,12.936213
5-2346,A,10.51999
5-2347,A,8.641894
5-2348,D,55.471712
5-2349,D,27.997317
5-2350,D,39.205349
5-2351,D,28.877491
5-2352,C,24.24379
5-2353,D,24.155329
5-2354,D,43.822918
5-2355,C,30.729804
5-2356,A,10.259907
5-2357,D,36.133695
5-2358,D,47.320162
5-2359,B,23.819078
5-2360,D,48.544373
5-2361,D,47.768186
5-2362,A,10.704207
5-2363,B,23.081422
5-2364,D,48.790546
5-2365,C,22.985903
5-2366,C,32.168845
5-2367,C,22.86901
5-2368,D,39.095466
5-2369,D,24.424658
5-2370,A,10.851084
5-2371,D,31.773051
5-2372,C,34.778187
5-2373,A,8.177646
5-2374,C,25.958145
5-2375,A,8.237268
5-2376,A,12.834606
5-2377,D,30.495991
5-2378,C,26.724885
5-2379,A,8.805786
5-2380,B,19.217306
5-2381,C,18.853751
5-2382,B,18.458847
5-2383,D,58.567522
5-2384,B,16.489352
5-2385,A,11.176641
5-2386,C,26.317291
5-2387,D,52.503218
5-2388,A,11.781451
5-2389,D,46.651991
5-2390,A,6.762012
5-2391,D,37.858237
5-2392,B,18.766064
5-2393,C,36.246504
5-2394,D,31.056921
5-2395,C,32.746
5-2396,C,27.94346
5-2397,B,15.756729
5-2398,B,16.416713
5-2399,A,7.771745
5-2400,C,25.396353
5-2401,C,32.707212
5-2402,A,11.496371
5-2403,C,20.376776
5-2404,C,26.428121
5-2405,D,47.149917
5-2406,A,9.55698
5-2407,A,7.324808
5-2408,D,48.990179
5-2409,C,24.662965
5-2410,C,27.847149
5-2411,A,11.172857
5-2412,A,9.067471
5-2413,C,30.26562
5-2414,A,10.713996
5-2415,C,33.001502
5-2416,B,21.977931
5-2417,C,32.405935
5-2418,D,36.049791
5-2419,A,10.336052
5-2420,C,22.958915
5-2421,B,25.255582
5-2422,C,31.675998
5-2423,D,36.975249
5-2424,C,26.273561
5-2425,C,25.791639
5-2426,B,23.601014
5-2427,B,18.110753
5-2428,C,31.090291
5-2429,B,23.353214
5-2430,B,22.063347
5-2431,C,30.463745
5-2432,A,11.663604
5-2433,D,40.14754
5-2434,A,8.126139
5-2435,B,21.022492
5-2436,A,13.917738
5-2437,A,8.834105
5-2438,C,23.766249
5-2439,D,39.290762
5-2440,D,48.192088
5-2441,C,28.029095
5-2442,A,11.389688
5-2443,B,20.999565
5-2444,A,9.824919
5-2445,B,16.353916
5-2446,B,26.05125
5-2447,D,44.722274
5-2448,C,42.267823
5-2449,D,44.383943
5-2450,A,8.410124
5-2451,C,20.919206
5-2452,C,29.212497
5-2453,B,23.683804
5-2454,D,39.99507
5-2455,A,14.358724
5-2456,A,10.389645
5-2457,A,9.736891
5-2458,B,25.082345
5-2459,D,42.150829
5-2460,D,39.862243
5-2461,D,33.278788
5-2462,B,20.081484
5-2463,C,33.853133
5-2464,A,8.758058
5-2465,C,19.331131
5-2466,A,8.188599
5-2467,B,17.287162
5-2468,D,49.589583
5-2469,C,31.253499
5-2470,B,22.778671
5-2471,B,21.541601
5-2472,C,33.036866
5-2473,D,37.012142
5-2474,A,11.14238
5-2475,A,9.19264
5-2476,D,35.351758
5-2477,D,41.274345
5-2478,C,19.18692
5-2479,C,20.111199
5-2480,B,19.532726
5-2481,C,23.106779
5-2482,B,16.104562
5-2483,A,9.490284
5-2484,D,43.433402
5-2485,D,17.165759
5-2486,D,56.70226
5-2487,A,8.798799
5-2488,A,12.880682
5-2489,A,12.200791
5-2490,C,36.579819
5-2491,B,28.237655
5-2492,B,16.25955
5-2493,B,19.295462
5-2494,B,21.150149
5-2495,A,12.261819
5-2496,C,28.33631
5-2497,A,12.373995
5-2498,D,33.548675
5-2499,C,23.070622
5-2500,C,22.179083
5-2501,C,27.444727
5-2502,D,55.063422
5-2503,B,21.665827
5-2504,D,50.15085
5-2505,C,35.89235
5-2506,C,27.848733
5-2507,B,18.453375
5-2508,B,17.176214
5-2509,A,7.815208
5-2510,B,26.023081
5-2511,D,51.421834
5-2512,A,9.848873
5-2513,A,7.249597
5-2514,C,24.213369
5-2515,A,10.323159
5-2516,B,27.704914
5-2517,C,27.428501
5-2518,C,27.833882
5-2519,A,12.559909
5-2520,C,32.137195
5-2521,A,12.120184
5-2522,B,16.946961
5-2523,A,8.603152
5-2524,C,35.271698
5-2525,B,20.234647
5-2526,B,27.007278
5-2527,C,26.535679
5-2528,D,33.191741
5-2529,D,28.055469
5-2530,A,9.075514
5-2531,C,39.750373
5-2532,A,12.308533
5-2533,D,45.463216
5-2534,C,30.167137
5-2535,B,13.509238
5-2536,B,17.863222
5-2537,A,7.957784
5-2538,A,12.059145
5-2539,C,33.242825
5-2540,A,11.161706
5-2541,B,24.913892
5-2542,D,49.091231
5-2543,A,14.717612
5-2544,D,24.233785
5-2545,B,14.507304
5-2546,B,23.992696
5-2547,C,24.399802
5-2548,B,18.532645
5-2549,D,39.121712
5-2550,C,31.729217
5-2551,D,31.168515
5-2552,A,8.066864
5-2553,D,40.488473
5-2554,B,21.659122
5-2555,C,33.914847
5-2556,B,19.380544
5-2557,B,20.263465
5-2558,B,23.25973
5-2559,B,19.940199
5-2560,B,17.237441
5-2561,A,10.246403
5-2562,C,33.926024
5-2563,D,30.916156
5-2564,D,32.222141
5-2565,A,9.723905
5-2566,A,8.093199
5-2567,C,30.674155
5-2568,B,21.209589
5-2569,B,20.400185
5-2570,D,41.319973
5-2571,B,19.994892
5-2572,D,39.228574
5-2573,D,38.800919
5-2574,A,8.117731
5-2575,B,16.51826
5-2576,B,18.368521
5-2577,B,20.500743
5-2578,A,10.480519
5-2579,D,48.838542
5-2580,B,14.812327
5-2581,B,20.038422
5-2582,B,15.227992
5-2583,C,13.390533
5-2584,C,29.555919
5-2585,D,49.383582
5-2586,B,15.039351
5-2587,B,15.856983
5-2588,D,38.063728
5-2589,B,11.944921
5-2590,B,20.012385
5-2591,D,38.033019
5-2592,B,21.435423
5-2593,C,23.109953
5-2594,A,7.977956
5-2595,A,7.829731
5-2596,A,7.990246
5-2597,A,8.732974
5-2598,A,9.775433
5-2599,B,25.584114
5-2600,D,38.560289
5-2601,C,23.653978
5-2602,C,28.505236
5-2603,D,43.662833
5-2604,C,27.402221
5-2605,D,37.40639
5-2606,B,21.790033
5-2607,D,28.299988
5-2608,B,20.893328
5-2609,C,33.116338
5-2610,C,30.393281
5-2611,A,11.751892
5-2612,D,32.26705
5-2613,B,16.437142
5-2614,D,39.918385
5-2615,D,43.605165
5-2616,C,37.114951
5-2617,A,4.501726
5-2618,D,48.069861
5-2619,C,30.160307
5-2620,C,33.097609
5-2621,D,36.059842
5-2622,D,40.299475
5-2623,C,29.465807
5-2624,D,37.970263
5-2625,D,44.064873
5-2626,D,39.329055
5-2627,D,22.586199
5-2628,A,10.876271
5-2629,A,9.867791
5-2630,B,21.834405
5-2631,A,9.438468
5-2632,D,47.34442
5-2633,A,12.703332
5-2634,A,4.761654
5-2635,C,26.244079
5-2636,C,36.627091
5-2637,B,14.684598
5-2638,D,29.650989
5-2639,C,25.713956
5-2640,A,12.174624
5-2641,D,38.33727
5-2642,C,24.885556
5-2643,A,12.192298
5-2644,D,48.250009
5-2645,D,39.906074
5-2646,D,44.723179
5-2647,B,20.959861
5-2648,D,38.940682
5-2649,C,35.070038
5-2650,A,10.84107
5-2651,A,8.804018
5-2652,C,32.954777
5-2653,B,25.706879
5-2654,C,20.835249
5-2655,B,15.130399
5-2656,D,43.038076
5-2657,D,48.87931
5-2658,C,28.755026
5-2659,B,16.912627
5-2660,B,22.087312
5-2661,C,32.237873
5-2662,B,21.868967
5-2663,D,39.215193
5-2664,B,21.739035
5-2665,A,9.852671
5-2666,B,19.874859
5-2667,D,45.398309
5-2668,C,37.115372
5-2669,C,35.233829
5-2670,B,19.52599
5-2671,B,16.472365
5-2672,B,20.907125
5-2673,C,32.413352
5-2674,C,33.977687
5-2675,A,14.819349
5-2676,B,18.256343
5-2677,B,23.840703
5-2678,C,32.206821
5-2679,D,39.930223
5-2680,A,5.93996
5-2681,A,6.832462
5-2682,D,41.79592
5-2683,C,40.789333
5-2684,C,27.612236
5-2685,C,30.8387
5-2686,C,32.739848
5-2687,B,17.93736
5-2688,C,27.753848
5-2689,D,48.712726
5-2690,B,19.160569
5-2691,D,35.810693
5-2692,B,14.785382
5-2693,C,26.342553
5-2694,C,31.289626
5-2695,B,13.957878
5-2696,C,28.281641
5-2697,D,43.300729
5-2698,A,10.121085
5-2699,A,7.049411
5-2700,D,39.688974
5-2701,C,24.245458
5-2702,B,22.659066
5-2703,B,22.11059
5-2704,D,37.170509
5-2705,D,44.53935
5-2706,A,10.472696
5-2707,C,23.958307
5-2708,D,43.2065
5-2709,A,10.452144
5-2710,C,29.388597
5-2711,A,11.4189
5-2712,D,40.208914
5-2713,B,12.898288
5-2714,D,35.90528
5-2715,C,30.593433
5-2716,D,50.907419
5-2717,C,30.208791
5-2718,B,20.831976
5-2719,D,35.340369
5-2720,C,35.479611
5-2721,D,30.733954
5-2722,D,46.825418
5-2723,D,48.295704
5-2724,B,21.941955
5-2725,D,34.930551
5-2726,B,18.885363
5-2727,A,9.521839
5-2728,D,47.764852
5-2729,D,33.482864
5-2730,C,29.415747
5-2731,D,21.25809
5-2732,C,25.366459
5-2733,A,10.083547
5-2734,B,17.624418
5-2735,A,8.597055
5-2736,D,47.017945
5-2737,A,9.71645
5-2738,C,27.834406
5-2739,A,10.588884
5-2740,C,27.954864
5-2741,C,22.791465
5-2742,A,10.592896
5-2743,B,28.039881
5-2744,D,33.566301
5-2745,D,40.945919
5-2746,D,44.7229
5-2747,C,22.287709
5-2748,A,9.905779
5-2749,A,11.873204
5-2750,C,25.204343
5-2751,A,11.283701
5-2752,B,14.24301
5-2753,B,19.65767
5-2754,B,23.508093
5-2755,B,28.832729
5-2756,D,34.437209
5-2757,C,30.362875
5-2758,B,24.528872
5-2759,C,26.982754
5-2760,A,11.542025
5-2761,D,33.55042
5-2762,D,40.131805
5-2763,D,47.583037
5-2764,B,23.972489
5-2765,C,37.367177
5-2766,B,15.922977
5-2767,D,40.629452
5-2768,D,44.173639
5-2769,A,12.100898
5-2770,D,47.916462
5-2771,D,20.8507
5-2772,C,40.002872
5-2773,C,18.094734
5-2774,C,27.734061
5-2775,C,33.241542
5-2776,C,32.204757
5-2777,C,24.085468
5-2778,B,16.108521
5-2779,B,16.905695
5-2780,A,7.460891
5-2781,B,15.971245
5-2782,C,26.157151
5-2783,A,12.50346
5-2784,D,29.123911
5-2785,C,25.489731
5-2786,B,27.338305
5-2787,A,12.174616
5-2788,C,31.249485
5-2789,C,31.938813
5-2790,C,27.10634
5-2791,A,4.532145
5-2792,D,32.272238
5-2793,C,31.38715
5-2794,B,10.627323
5-2795,D,33.877239
5-2796,C,31.255168
5-2797,C,30.263999
5-2798,B,19.791656
5-2799,D,27.733272
5-2800,A,10.460758
5-2801,D,45.803505
5-2802,D,29.28962
5-2803,B,25.006132
5-2804,A,13.443613
5-2805,D,36.896127
5-2806,D,34.916142
5-2807,A,12.680297
5-2808,A,7.69002
5-2809,A,11.786446
5-2810,C,33.619286
5-2811,B,20.352904
5-2812,C,35.851632
5-2813,C,28.123507
5-2814,A,9.56615
5-2815,A,13.126354
5-2816,D,44.384879
5-2817,B,20.710416
5-2818,B,22.105982
5-2819,C,31.084857
5-2820,A,10.061021
5-2821,A,8.625876
5-2822,A,11.311673
5-2823,A,12.757552
5-2824,A,10.182862
5-2825,D,36.528157
5-2826,C,39.240671
5-2827,D,31.384217
5-2828,B,19.003194
5-2829,C,28.649723
5-2830,C,28.053942
5-2831,B,22.669396
5-2832,A,9.921692
5-2833,D,60.309453
5-2834,C,19.79385
5-2835,C,31.283529
5-2836,D,45.876283
5-2837,B,18.578056
5-2838,D,40.624905
5-2839,B,22.734109
5-2840,C,38.997856
5-2841,C,21.998261
5-2842,A,9.470753
5-2843,C,29.243927
5-2844,B,21.334865
5-2845,C,22.586295
5-2846,A,10.258096
5-2847,A,10.966148
5-2848,D,32.565636
5-2849,C,20.987135
5-2850,A,10.859035
5-2851,B,25.443954
5-2852,C,32.707399
5-2853,D,38.224853
5-2854,D,39.246117
5-2855,B,14.408356
5-2856,B,18.680575
5-2857,B,25.954521
5-2858,A,13.006257
5-2859,D,36.679221
5-2860,A,6.46934
5-2861,A,8.92479
5-2862,B,23.291461
5-2863,A,11.073984
5-2864,D,34.725152
5-2865,B,15.530659
5-2866,A,8.087104
5-2867,A,9.658903
5-2868,A,8.030373
5-2869,A,6.834415
5-2870,B,22.615812
5-2871,B,18.676304
5-2872,D,52.07365
5-2873,A,9.94737
5-2874,B,21.760568
5-2875,C,21.463166
5-2876,D,34.571518
5-2877,C,26.710884
5-2878,D,35.704772
5-2879,A,12.731717
5-2880,B,14.900557
5-2881,D,54.285301
5-2882,B,17.005407
5-2883,D,39.11417
5-2884,B,19.746583
5-2885,B,20.688049
5-2886,B,16.879319
5-2887,B,19.956878
5-2888,A,10.348375
5-2889,C,36.729454
5-2890,A,9.979781
5-2891,A,10.283114
5-2892,A,8.430195
5-2893,C,23.08
5-2894,D,50.953914
5-2895,B,26.489902
5-2896,C,31.334478
5-2897,A,14.887935
5-2898,A,7.640565
5-2899,B,24.269747
5-2900,B,21.113981
5-2901,D,49.428896
5-2902,D,46.90263
5-2903,B,19.345959
5-2904,C,28.092775
5-2905,B,19.671489
5-2906,C,24.699379
5-2907,B,18.157811
5-2908,B,23.690651
5-2909,C,28.683644
5-2910,C,29.90335
5-2911,A,9.531246
5-2912,A,13.080992
5-2913,C,28.949926
5-2914,C,28.324455
5-2915,C,34.870203
5-2916,D,39.413128
5-2917,C,29.70235
5-2918,A,7.608262
5-2919,D,50.655946
5-2920,A,12.971435
5-2921,B,19.001614
5-2922,A,9.623833
5-2923,C,23.516059
5-2924,A,12.309714
5-2925,B,25.170403
5-2926,A,15.714986
5-2927,B,21.887992
5-2928,A,9.658057
5-2929,A,9.118
5-2930,B,18.646526
5-2931,A,9.182969
5-2932,A,14.365947
5-2933,D,38.599841
5-2934,B,13.908958
5-2935,D,31.67182
5-2936,C,42.459222
5-2937,A,9.831693
5-2938,B,15.94654
5-2939,A,10.93328
5-2940,D,40.66875
5-2941,B,15.796236
5-2942,B,17.876699
5-2943,B,13.182475
5-2944,C,34.725992
5-2945,D,44.791825
5-2946,B,21.766294
5-2947,C,32.428498
5-2948,D,48.366796
5-2949,B,26.626811
5-2950,C,21.688078
5-2951,C,39.497384
5-2952,B,13.773265
5-2953,D,25.140074
5-2954,C,28.25373
5-2955,B,20.871106
5-2956,C,30.871876
5-2957,C,28.716719
5-2958,C,34.500935
5-2959,C,32.296378
5-2960,B,20.291902
5-2961,B,15.784814
5-2962,D,41.187351
5-2963,B,11.300003
5-2964,C,43.623634
5-2965,C,26.622147
5-2966,D,62.02575
5-2967,D,25.972777
5-2968,D,25.1876
5-2969,C,23.56521
5-2970,D,39.245154
5-2971,A,10.016523
5-2972,D,52.278722
5-2973,A,6.363068
5-2974,D,27.390096
5-2975,D,42.905367
5-2976,C,31.466089
5-2977,C,28.322351
5-2978,A,9.580705
5-2979,C,33.009207
5-2980,D,39.403394
5-2981,B,19.994227
5-2982,D,38.442997
5-2983,D,60.040299
5-2984,C,39.29308
5-2985,A,10.929298
5-2986,C,27.692518
5-2987,A,8.10474
5-2988,D,42.310813
5-2989,B,26.134733
5-2990,C,34.925323
5-2991,D,41.323987
5-2992,B,20.292785
5-2993,B,16.430544
5-2994,A,9.249179
5-2995,C,27.298108
5-2996,B,25.255209
5-2997,B,24.342153
5-2998,A,11.682535
5-2999,C,39.838871
5-3000,C,28.178056
5-3001,B,16.266582
5-3002,D,34.897763
5-3003,A,11.227843
5-3004,C,25.319013
5-3005,D,39.548437
5-3006,A,9.639528
5-3007,C,32.494068
5-3008,C,22.582567
5-3009,B,25.285579
5-3010,C,31.400742
5-3011,B,25.578812
5-3012,C,21.177603
5-3013,A,9.995881
5-3014,D,35.211114
5-3015,C,27.708305
5-3016,C,34.717337
5-3017,D,47.917262
5-3018,C,46.268089
5-3019,A,12.944333
5-3020,A,7.76359
5-3021,C,27.903275
5-3022,D,40.010395
5-3023,A,10.723103
5-3024,C,34.942032
5-3025,B,17.400509
5-3026,D,46.095296
5-3027,A,7.919468
5-3028,A,9.939655
5-3029,C,30.421915
5-3030,D,37.547987
5-3031,D,37.21482
5-3032,C,40.764287
5-3033,C,34.38727
5-3034,D,33.499796
5-3035,C,35.389995
5-3036,C,23.877292
5-3037,B,25.087641
5-3038,A,11.679104
5-3039,A,10.174475
5-3040,C,34.776679
5-3041,B,12.465694
5-3042,D,35.541159
5-3043,D,49.393001
5-3044,D,43.281283
5-3045,C,34.760809
5-3046,C,43.755029
5-3047,A,14.274852
5-3048,A,8.019933
5-3049,D,36.04149
5-3050,D,62.569371
5-3051,D,37.347821
5-3052,D,38.921388
5-3053,D,38.360922
5-3054,A,11.760149
5-3055,C,26.563986
5-3056,A,10.45949
5-3057,A,11.850012
5-3058,B,21.278354
5-3059,B,17.151874
5-3060,D,43.999129
5-3061,C,25.751257
5-3062,C,26.556519
5-3063,D,38.87954
5-3064,A,9.075433
5-3065,B,15.042972
5-3066,B,13.401098
5-3067,A,11.927363
5-3068,C,23.137583
5-3069,C,35.77485
5-3070,A,9.623295
5-3071,B,20.326244
5-3072,D,38.588973
5-3073,B,20.361057
5-3074,B,19.025881
5-3075,B,21.270297
5-3076,A,13.002338
5-3077,C,25.259559
5-3078,C,39.410702
5-3079,D,39.423587
5-3080,A,8.238061
5-3081,B,26.016408
5-3082,C,20.029543
5-3083,C,22.669449
5-3084,D,42.789431
5-3085,C,36.499566
5-3086,A,10.113716
5-3087,D,49.967909
5-3088,D,42.694505
5-3089,A,9.289019
5-3090,A,11.055429
5-3091,D,43.963762
5-3092,C,40.104138
5-3093,B,13.465095
5-3094,B,22.435035
5-3095,C,32.44096
5-3096,A,8.515786
5-3097,D,33.717646
5-3098,A,11.455267
5-3099,D,47.460964
5-3100,B,20.129489
5-3101,A,12.387639
5-3102,A,11.731114
5-3103,B,29.073087
5-3104,A,12.287662
5-3105,B,11.743636
5-3106,A,9.176887
5-3107,B,24.551296
5-3108,C,35.308887
5-3109,A,11.505942
5-3110,D,47.778614
5-3111,D,32.760187
5-3112,A,10.173346
5-3113,C,28.500304
5-3114,B,18.213286
5-3115,A,8.407943
5-3116,A,8.841162
5-3117,B,12.328806
5-3118,C,32.473757
5-3119,A,11.375738
5-3120,D,43.969116
5-3121,B,20.559197
5-3122,A,10.167241
5-3123,C,36.967034
5-3124,B,19.86674
5-3125,A,11.423406
5-3126,C,29.525023
5-3127,B,15.48369
5-3128,C,27.724487
5-3129,D,28.988507
5-3130,B,21.526397
5-3131,A,14.449573
5-3132,B,17.99542
5-3133,B,21.298704
5-3134,A,13.577736
5-3135,B,24.033736
5-3136,D,32.438206
5-3137,C,24.919082
5-3138,D,41.585894
5-3139,D,43.145894
5-3140,A,8.614902
5-3141,A,8.451162
5-3142,B,27.00907
5-3143,C,26.215606
5-3144,A,6.670305
5-3145,D,43.683095
5-3146,D,37.55296
5-3147,C,38.338882
5-3148,B,14.249891
5-3149,B,24.825855
5-3150,A,10.059898
5-3151,C,25.502756
5-3152,A,9.38286
5-3153,B,18.635192
5-3154,C,29.676725
5-3155,C,38.179818
5-3156,A,6.87227
5-3157,A,8.01782
5-3158,C,22.049489
5-3159,C,29.563242
5-3160,C,28.214488
5-3161,C,43.090124
5-3162,D,44.235595
5-3163,B,22.586332
5-3164,A,9.632802
5-3165,C,34.42351
5-3166,B,18.116496
5-3167,C,24.103337
5-3168,D,40.737205
5-3169,A,11.530985
5-3170,C,32.062893
5-3171,C,25.090462
5-3172,C,29.661596
5-3173,C,36.259864
5-3174,D,38.902352
5-3175,C,32.099942
5-3176,C,31.728038
5-3177,D,43.633179
5-3178,C,21.310215
5-3179,B,25.515547
5-3180,A,9.999921
5-3181,D,62.553702
5-3182,C,32.478259
5-3183,A,11.219756
5-3184,B,21.046795
5-3185,D,27.712978
5-3186,C,29.718532
5-3187,B,22.804622
5-3188,D,23.075182
5-3189,B,20.805635
5-3190,D,37.776785
5-3191,C,8.267964
5-3192,B,21.028127
5-3193,C,32.542711
5-3194,A,9.185314
5-3195,B,12.355299
5-3196,C,30.175796
5-3197,D,34.872352
5-3198,B,24.591071
5-3199,D,59.649923
5-3200,B,23.236462
5-3201,A,10.45438
5-3202,D,31.588941
5-3203,A,13.071762
5-3204,A,10.906417
5-3205,B,17.689947
5-3206,D,45.077886
5-3207,C,28.436659
5-3208,B,20.117653
5-3209,C,30.123157
5-3210,B,24.349408
5-3211,C,28.655877
5-3212,B,29.431847
5-3213,B,18.160376
5-3214,A,8.399056
5-3215,C,29.163393
5-3216,A,9.636714
5-3217,C,22.42394
5-3218,A,5.65825
5-3219,C,27.703995
5-3220,B,15.65548
5-3221,B,18.236736
5-3222,C,35.695281
5-3223,D,48.602804
5-3224,C,33.251074
5-3225,C,38.166234
5-3226,C,31.955794
5-3227,B,23.180207
5-3228,C,23.925522
5-3229,A,9.141274
5-3230,D,40.885244
5-3231,A,10.228715
5-3232,B,20.896971
5-3233,B,22.081524
5-3234,A,11.833989
5-3235,A,7.943488
5-3236,D,41.217154
5-3237,B,23.837997
5-3238,B,19.226298
5-3239,D,45.534542
5-3240,B,18.429067
5-3241,B,24.297126
5-3242,A,10.889935
5-3243,B,19.061777
5-3244,A,11.023775
5-3245,D,37.426867
5-3246,D,61.196523
5-3247,A,7.688668
5-3248,B,19.360914
5-3249,B,21.836885
5-3250,D,42.564759
5-3251,C,9.968175
5-3252,C,30.737484
5-3253,D,41.975111
5-3254,A,7.731977
5-3255,B,25.79784
5-3256,A,12.913039
5-3257,D,47.397163
5-3258,D,32.490465
5-3259,D,39.682168
5-3260,D,28.849052
5-3261,A,13.445048
5-3262,A,11.520416
5-3263,A,10.522059
5-3264,B,16.110203
5-3265,A,10.412075
5-3266,B,20.688209
5-3267,C,35.865265
5-3268,D,38.797447
5-3269,A,10.328766
5-3270,A,10.850809
5-3271,C,41.626904
5-3272,D,43.797167
5-3273,D,35.46489
5-3274,B,12.468942
5-3275,D,35.242662
5-3276,A,9.922335
5-3277,C,22.455092
5-3278,A,10.954075
5-3279,A,8.928449
5-3280,B,24.188689
5-3281,A,11.670446
5-3282,B,20.935489
5-3283,D,44.904783
5-3284,B,19.053179
5-3285,B,21.717064
5-3286,A,9.948317
5-3287,A,8.6441
5-3288,A,10.652177
5-3289,D,43.798984
5-3290,A,8.71823
5-3291,D,45.970393
5-3292,C,16.945768
5-3293,C,25.114609
5-3294,B,21.507832
5-3295,B,18.262826
5-3296,C,27.533279
5-3297,D,56.479972
5-3298,C,39.646911
5-3299,C,27.113036
5-3300,D,29.593269
5-3301,D,50.269107
5-3302,A,9.457139
5-3303,A,11.788775
5-3304,B,17.857502
5-3305,C,32.837703
5-3306,B,21.346355
5-3307,B,17.65708
5-3308,C,23.929245
5-3309,D,43.383294
5-3310,B,24.370987
5-3311,D,55.295848
5-3312,D,46.091816
5-3313,D,43.049914
5-3314,A,9.677667
5-3315,C,35.541765
5-3316,B,20.128557
5-3317,B,16.663073
5-3318,A,7.77538
5-3319,C,38.065075
5-3320,B,16.366817
5-3321,A,12.028929
5-3322,D,38.74576
5-3323,D,49.093599
5-3324,A,9.558396
5-3325,D,35.13162
5-3326,B,23.83695
5-3327,A,10.889474
5-3328,C,25.987585
5-3329,C,33.764316
5-3330,B,21.610108
5-3331,C,28.807052
5-3332,C,31.74264
5-3333,A,8.57934
5-3334,C,39.764947
5-3335,B,20.943798
5-3336,D,29.187664
5-3337,D,30.932638
5-3338,A,7.651149
5-3339,C,28.599561
5-3340,C,43.680153
5-3341,B,12.685247
5-3342,D,39.573925
5-3343,D,46.23413
5-3344,C,30.638075
5-3345,D,31.307737
5-3346,C,36.54635
5-3347,B,24.82574
5-3348,A,9.542807
5-3349,B,12.287784
5-3350,D,25.964247
5-3351,C,27.978394
5-3352,D,29.435094
5-3353,D,38.992521
5-3354,C,38.53341
5-3355,D,44.648575
5-3356,D,47.657215
5-3357,B,17.481691
5-3358,C,31.106957
5-3359,A,13.355572
5-3360,C,22.620289
5-3361,D,38.126854
5-3362,D,26.263454
5-3363,C,28.537814
5-3364,C,39.022488
5-3365,B,24.869249
5-3366,B,21.360358
5-3367,A,8.051797
5-3368,B,17.611527
5-3369,D,41.094257
5-3370,A,10.258353
5-3371,B,20.066173
5-3372,C,35.815367
5-3373,B,15.790674
5-3374,C,39.153142
5-3375,D,46.097032
5-3376,C,24.524004
5-3377,B,21.125695
5-3378,A,8.613243
5-3379,A,9.4234
5-3380,B,19.674984
5-3381,C,28.89246
5-3382,C,31.681581
5-3383,A,8.502344
5-3384,D,45.650741
5-3385,C,36.470808
5-3386,A,9.245359
5-3387,D,35.387411
5-3388,C,29.003611
5-3389,B,19.870749
5-3390,B,18.254282
5-3391,C,20.020275
5-3392,A,10.79031
5-3393,A,10.377034
5-3394,B,24.989393
5-3395,D,31.163418
5-3396,A,9.322489
5-3397,C,28.112631
5-3398,D,45.359117
5-3399,D,30.740645
5-3400,D,41.794692
5-3401,B,17.21963
5-3402,A,13.553838
5-3403,B,18.860622
5-3404,D,37.259444
5-3405,C,33.022971
5-3406,D,43.006192
5-3407,A,9.625809
5-3408,D,28.522665
5-3409,D,26.601695
5-3410,D,39.881037
5-3411,D,40.439667
5-3412,A,11.285429
5-3413,C,31.611228
5-3414,D,28.207859
5-3415,A,12.724199
5-3416,D,48.135329
5-3417,C,34.07696
5-3418,B,20.431379
5-3419,D,37.851461
5-3420,A,10.439532
5-3421,B,18.385329
5-3422,B,21.342082
5-3423,D,42.946452
5-3424,B,26.745186
5-3425,A,6.583523
5-3426,C,38.17811
5-3427,A,11.872673
5-3428,A,10.301929
5-3429,A,5.780688
5-3430,D,27.080469
5-3431,A,8.57106
5-3432,A,10.913387
5-3433,D,22.577665
5-3434,D,41.256656
5-3435,A,9.525558
5-3436,C,28.158444
5-3437,D,37.86591
5-3438,B,22.630343
5-3439,B,15.612048
5-3440,C,34.479844
5-3441,B,22.536963
5-3442,C,24.077971
5-3443,D,39.658976
5-3444,D,41.755363
5-3445,D,42.288244
5-3446,A,10.78447
5-3447,C,27.417906
5-3448,C,36.401305
5-3449,D,28.823431
5-3450,C,22.548732
5-3451,C,44.21535
5-3452,B,21.358908
5-3453,B,19.026327
5-3454,C,32.358356
5-3455,A,8.648178
5-3456,C,25.092566
5-3457,C,16.283666
5-3458,A,11.216325
5-3459,B,19.737262
5-3460,C,28.089778
5-3461,B,18.227412
5-3462,B,22.454555
5-3463,A,9.724482
5-3464,D,35.471673
5-3465,D,35.216697
5-3466,D,54.440081
5-3467,B,17.298899
5-3468,B,20.732528
5-3469,A,10.00548
5-3470,B,15.739661
5-3471,A,8.107411
5-3472,B,23.834862
5-3473,D,46.01643
5-3474,D,46.897353
5-3475,D,27.765537
5-3476,C,25.614511
5-3477,B,27.778214
5-3478,D,31.143194
5-3479,B,18.417
5-3480,A,13.647463
5-3481,C,33.09699
5-3482,D,41.521326
5-3483,D,52.285371
5-3484,D,33.219851
5-3485,D,45.508756
5-3486,B,19.075868
5-3487,B,19.581629
5-3488,D,46.515115
5-3489,A,9.419058
5-3490,A,9.860345
5-3491,A,13.164837
5-3492,D,31.754386
5-3493,C,49.965767
5-3494,C,45.84738
5-3495,C,28.745546
5-3496,C,34.640009
5-3497,D,36.034809
5-3498,A,10.112739
5-3499,D,54.694829
5-3500,A,9.141499
5-3501,D,45.082305
5-3502,B,18.368891
5-3503,D,36.270923
5-3504,B,24.249972
5-3505,B,25.552272
5-3506,D,40.925917
5-3507,C,23.713652
5-3508,C,30.288166
5-3509,C,22.587878
5-3510,B,16.587024
5-3511,C,30.012243
5-3512,D,37.241666
5-3513,C,24.906934
5-3514,A,11.207541
5-3515,A,13.000479
5-3516,B,15.157003
5-3517,B,13.900129
5-3518,D,28.389859
5-3519,C,35.096871
5-3520,C,33.240961
5-3521,B,18.411889
5-3522,B,21.980319
5-3523,C,33.43189
5-3524,B,20.782247
5-3525,B,23.883268
5-3526,B,20.737869
5-3527,D,30.366591
5-3528,C,31.141423
5-3529,C,21.128393
5-3530,B,14.49508
5-3531,B,10.752925
5-3532,A,11.103851
5-3533,D,43.797183
5-3534,D,49.8568
5-3535,C,33.663452
5-3536,D,38.990813
5-3537,C,30.086831
5-3538,A,10.607905
5-3539,A,10.537299
5-3540,D,42.891154
5-3541,C,26.472923
5-3542,B,18.172943
5-3543,A,9.248564
5-3544,A,8.598761
5-3545,D,46.93435
5-3546,C,40.064666
5-3547,D,43.360518
5-3548,B,23.503806
5-3549,C,26.098178
5-3550,A,8.536206
5-3551,B,23.152159
5-3552,A,11.332922
5-3553,A,8.611556
5-3554,A,12.659955
5-3555,C,33.283099
5-3556,C,30.292692
5-3557,D,42.115014
5-3558,D,42.060143
5-3559,D,53.160894
5-3560,C,26.046008
5-3561,D,43.985328
5-3562,D,32.975444
5-3563,B,16.32933
5-3564,D,52.211461
5-3565,D,25.88398
5-3566,D,35.027479
5-3567,A,10.712371
5-3568,A,9.703858
5-3569,A,10.756346
5-3570,D,31.531499
5-3571,D,53.398985
5-3572,A,9.740982
5-3573,B,23.103772
5-3574,D,38.804185
5-3575,B,16.731181
5-3576,A,10.815291
5-3577,C,21.40356
5-3578,D,44.973588
5-3579,B,17.905898
5-3580,B,23.240349
5-3581,A,7.20981
5-3582,D,27.437457
5-3583,B,20.109646
5-3584,C,40.202457
5-3585,C,23.369545
5-3586,C,27.425213
5-3587,C,26.126022
5-3588,D,43.069443
5-3589,D,37.011308
5-3590,B,17.912302
5-3591,D,34.122775
5-3592,B,22.751291
5-3593,C,39.899131
5-3594,C,29.504978
5-3595,C,28.70391
5-3596,B,20.396209
5-3597,C,30.573179
5-3598,D,49.957413
5-3599,D,49.170144
5-3600,D,25.844603
5-3601,C,28.198906
5-3602,B,13.033564
5-3603,A,8.469993
5-3604,C,22.236508
5-3605,D,44.08443
5-3606,D,60.023391
5-3607,D,31.112007
5-3608,B,21.62989
5-3609,C,26.616563
5-3610,B,25.800883
5-3611,A,8.553886
5-3612,A,9.930238
5-3613,B,14.370077
5-3614,C,28.941335
5-3615,C,15.706873
5-3616,B,22.56393
5-3617,B,17.141252
5-3618,D,45.086638
5-3619,B,16.13718
5-3620,A,10.848506
5-3621,C,35.051515
5-3622,C,18.722919
5-3623,A,9.262469
5-3624,A,10.162548
5-3625,A,10.87857
5-3626,A,9.040614
5-3627,B,20.692053
5-3628,B,18.254139
5-3629,B,21.984322
5-3630,C,34.194351
5-3631,A,7.541916
5-3632,C,35.433507
5-3633,C,33.284906
5-3634,C,31.303054
5-3635,D,49.195124
5-3636,A,9.273462
5-3637,C,30.59466
5-3638,B,16.416142
5-3639,A,12.514562
5-3640,A,12.999895
5-3641,C,24.599643
5-3642,B,18.855458
5-3643,D,44.114916
5-3644,B,14.613225
5-3645,B,15.491427
5-3646,B,22.614643
5-3647,B,16.656747
5-3648,A,8.291026
5-3649,D,31.287381
5-3650,D,35.693528
5-3651,D,38.346221
5-3652,D,36.631119
5-3653,D,46.081335
5-3654,D,40.621058
5-3655,D,37.592718
5-3656,C,35.753125
5-3657,A,10.442973
5-3658,B,25.029493
5-3659,D,39.798755
5-3660,C,25.585636
5-3661,A,9.359141
5-3662,D,37.686354
5-3663,B,25.080095
5-3664,A,10.083223
5-3665,C,27.502256
5-3666,D,40.534511
5-3667,C,20.60047
5-3668,C,33.572761
5-3669,B,19.456772
5-3670,A,8.013579
5-3671,A,9.775675
5-3672,B,20.005022
5-3673,B,15.898729
5-3674,B,17.383827
5-3675,C,20.971856
5-3676,B,23.608345
5-3677,D,49.257256
5-3678,C,26.779045
5-3679,A,10.790648
5-3680,D,39.42963
5-3681,D,34.094184
5-3682,A,9.008192
5-3683,C,26.011844
5-3684,C,34.927161
5-3685,B,19.006009
5-3686,A,12.880351
5-3687,C,30.215936
5-3688,D,39.326981
5-3689,C,23.269167
5-3690,A,9.005311
5-3691,D,34.64826
5-3692,C,34.77467
5-3693,A,8.257881
5-3694,D,40.466679
5-3695,C,40.097694
5-3696,B,26.24441
5-3697,B,12.390082
5-3698,D,42.357673
5-3699,C,35.096939
5-3700,D,34.388285
5-3701,D,26.451836
5-3702,A,9.33619
5-3703,C,30.602874
5-3704,A,4.244754
5-3705,D,46.456125
5-3706,D,47.600124
5-3707,C,31.640931
5-3708,A,8.116174
5-3709,B,19.629372
5-3710,D,42.166972
5-3711,D,41.224823
5-3712,C,23.391925
5-3713,B,26.38336
5-3714,B,11.690546
5-3715,D,54.560558
5-3716,C,35.76425
5-3717,C,23.515047
5-3718,A,10.672798
5-3719,C,34.334165
5-3720,B,15.597115
5-3721,B,17.968407
5-3722,C,21.056887
5-3723,A,8.285529
5-3724,A,10.745894
5-3725,B,20.050125
5-3726,A,11.887168
5-3727,D,34.636042
5-3728,B,15.032
5-3729,B,19.014634
5-3730,B,14.884063
5-3731,B,20.752552
5-3732,A,12.368163
5-3733,B,18.578353
5-3734,A,9.87357
5-3735,A,10.076588
5-3736,D,39.280285
5-3737,A,7.798432
5-3738,A,4.829832
5-3739,D,38.513999
5-3740,D,37.159245
5-3741,B,16.79129
5-3742,B,17.094982
5-3743,A,10.90274
5-3744,C,35.007684
5-3745,B,23.497236
5-3746,B,11.300815
5-3747,D,38.865239
5-3748,D,33.081223
5-3749,D,51.371121
5-3750,D,41.650388
5-3751,D,45.180619
5-3752,C,27.302418
5-3753,C,28.743897
5-3754,B,18.372501
5-3755,D,26.177103
5-3756,D,44.332955
5-3757,C,20.020802
5-3758,C,19.006008
5-3759,D,26.770734
5-3760,C,41.016481
5-3761,B,23.048033
5-3762,C,18.647931
5-3763,C,34.719413
5-3764,A,7.998096
5-3765,D,47.206495
5-3766,B,13.300604
5-3767,C,31.995505
5-3768,B,15.764677
5-3769,B,22.562286
5-3770,C,37.592301
5-3771,A,12.421344
5-3772,B,21.213025
5-3773,D,47.744752
5-3774,C,36.212776
5-3775,D,39.568993
5-3776,C,21.851812
5-3777,C,32.884352
5-3778,D,37.886715
5-3779,C,25.137928
5-3780,B,25.820627
5-3781,D,50.2502
5-3782,B,16.162908
5-3783,B,16.626121
5-3784,A,10.216865
5-3785,C,17.297122
5-3786,D,46.257586
5-3787,A,9.581561
5-3788,C,39.602533
5-3789,C,33.668823
5-3790,A,10.886771
5-3791,D,53.127081
5-3792,C,38.838418
5-3793,D,44.14981
5-3794,C,27.090775
5-3795,D,29.574568
5-3796,B,13.22835
5-3797,C,27.013433
5-3798,D,42.416307
5-3799,C,28.393901
5-3800,A,11.675201
5-3801,B,25.693027
5-3802,C,31.68261
5-3803,D,37.420175
5-3804,C,31.865254
5-3805,B,12.610935
5-3806,D,33.079749
5-3807,D,43.715389
5-3808,B,26.544239
5-3809,D,35.678524
5-3810,D,29.130678
5-3811,B,14.081905
5-3812,B,24.27382
5-3813,D,38.863409
5-3814,D,39.423364
5-3815,A,13.871991
5-3816,C,31.966229
5-3817,A,12.153182
5-3818,A,4.189
5-3819,A,9.274356
5-3820,A,10.895906
5-3821,C,43.117815
5-3822,A,8.920414
5-3823,B,17.913662
5-3824,D,39.6554
5-3825,D,36.090935
5-3826,B,16.550719
5-3827,A,5.837671
5-3828,B,20.516185
5-3829,D,40.56531
5-3830,D,38.320831
5-3831,C,36.292512
5-3832,A,11.296337
5-3833,C,24.083312
5-3834,D,30.483355
5-3835,D,39.474785
5-3836,C,25.85656
5-3837,D,47.638578
5-3838,C,22.27422
5-3839,A,10.571515
5-3840,A,9.290473
5-3841,D,50.432851
5-3842,C,22.496343
5-3843,A,11.442617
5-3844,D,25.184202
5-3845,B,15.369917
5-3846,B,16.647816
5-3847,C,24.028278
5-3848,A,13.934474
5-3849,B,21.031832
5-3850,B,20.446236
5-3851,D,28.11097
5-3852,D,31.642968
5-3853,C,29.199215
5-3854,B,22.866742
5-3855,D,40.641745
5-3856,C,34.011729
5-3857,A,10.534031
5-3858,C,34.034287
5-3859,A,9.214519
5-3860,C,30.05239
5-3861,D,37.734621
5-3862,D,37.487072
5-3863,B,21.273655
5-3864,B,16.012368
5-3865,C,39.787185
5-3866,C,28.040799
5-3867,D,40.390442
5-3868,A,12.490358
5-3869,B,19.806668
5-3870,D,52.994511
5-3871,B,22.281093
5-3872,D,32.223713
5-3873,B,18.929866
5-3874,D,33.400995
5-3875,A,11.029942
5-3876,B,17.116435
5-3877,D,49.713825
5-3878,A,13.193747
5-3879,A,9.859535
5-3880,C,29.211464
5-3881,B,10.675416
5-3882,C,19.371211
5-3883,C,25.909336
5-3884,B,21.470771
5-3885,A,9.906444
5-3886,A,8.218056
5-3887,A,9.777123
5-3888,C,39.95577
5-3889,B,22.0525
5-3890,C,37.16603
5-3891,A,11.828966
5-3892,B,17.487559
5-3893,B,21.720101
5-3894,D,39.047742
5-3895,B,17.237567
5-3896,C,31.39822
5-3897,A,8.963422
5-3898,C,34.830215
5-3899,D,34.281599
5-3900,D,41.649779
5-3901,D,42.690264
5-3902,D,25.573633
5-3903,C,21.548043
5-3904,B,25.56757
5-3905,B,18.638164
5-3906,A,10.912857
5-3907,B,20.408854
5-3908,D,47.796046
5-3909,B,16.870701
5-3910,A,8.909958
5-3911,D,23.644064
5-3912,C,39.69169
5-3913,D,38.742627
5-3914,D,40.503698
5-3915,C,34.266308
5-3916,A,8.316054
5-3917,C,21.763415
5-3918,D,44.528153
5-3919,D,29.795615
5-3920,C,35.048069
5-3921,B,22.197485
5-3922,D,46.231581
5-3923,A,11.015043
5-3924,D,35.036938
5-3925,D,51.195022
5-3926,D,47.137975
5-3927,B,25.857784
5-3928,D,27.681696
5-3929,D,39.106875
5-3930,D,53.650587
5-3931,D,49.469958
5-3932,A,11.144955
5-3933,B,24.706842
5-3934,A,6.806325
5-3935,D,40.59003
5-3936,A,8.315131
5-3937,D,28.4627
5-3938,A,11.225844
5-3939,D,40.044496
5-3940,D,42.0335
5-3941,C,20.319254
5-3942,C,32.90939
5-3943,C,36.502157
5-3944,B,30.560653
5-3945,B,20.005172
5-3946,D,26.588105
5-3947,D,39.940027
5-3948,C,16.907214
5-3949,C,36.81331
5-3950,A,7.86536
5-3951,D,26.787456
5-3952,C,24.220094
5-3953,C,25.741972
5-3954,B,19.842591
5-3955,B,19.527918
5-3956,B,14.294105
5-3957,D,50.977345
5-3958,D,52.003353
5-3959,D,41.950174
5-3960,C,17.574288
5-3961,D,57.170331
5-3962,C,31.110624
5-3963,D,33.589333
5-3964,D,44.21031
5-3965,B,18.186527
5-3966,C,29.891767
5-3967,B,15.835127
5-3968,A,10.824917
5-3969,B,18.967722
5-3970,B,25.136181
5-3971,C,44.730383
5-3972,A,9.940528
5-3973,D,44.355431
5-3974,D,37.967716
5-3975,C,34.158985
5-3976,A,6.566135
5-3977,C,24.993765
5-3978,C,38.479442
5-3979,D,37.673444
5-3980,B,25.597977
5-3981,B,23.963019
5-3982,D,36.043474
5-3983,C,31.585812
5-3984,D,39.482081
5-3985,B,20.105566
5-3986,A,9.241816
5-3987,A,10.089566
5-3988,B,19.84448
5-3989,D,49.765155
5-3990,C,35.044301
5-3991,B,22.898046
5-3992,D,31.735496
5-3993,B,16.465829
5-3994,B,20.070135
5-3995,B,22.638902
5-3996,D,44.26652
5-3997,B,15.386854
5-3998,D,25.981357
5-3999,B,19.024708
5-4000,C,14.848943
5-4001,B,19.19065
5-4002,D,43.639611
5-4003,D,39.228708
5-4004,C,31.403986
5-4005,C,33.009978
5-4006,A,6.25355
5-4007,B,20.416832
5-4008,D,31.053239
5-4009,C,28.122573
5-4010,B,24.104351
5-4011,A,11.786586
5-4012,D,45.743683
5-4013,D,37.808746
5-4014,A,7.702225
5-4015,C,18.02091
5-4016,B,13.670808
5-4017,C,23.612766
5-4018,A,7.841734
5-4019,B,18.857449
5-4020,D,35.548429
5-4021,A,8.179662
5-4022,A,7.952528
5-4023,D,42.688197
5-4024,D,51.582445
5-4025,B,18.583739
5-4026,D,63.601512
5-4027,A,13.017423
5-4028,C,26.28258
5-4029,D,32.988704
5-4030,B,20.775226
5-4031,D,47.418315
5-4032,C,36.079127
5-4033,C,31.679627
5-4034,B,18.971457
5-4035,B,20.873844
5-4036,B,26.673844
5-4037,D,58.721939
5-4038,D,42.829425
5-4039,C,35.151076
5-4040,A,7.190643
5-4041,D,30.203846
5-4042,A,10.631751
5-4043,A,12.558712
5-4044,D,40.563233
5-4045,D,47.594497
5-4046,B,19.632708
5-4047,B,24.04593
5-4048,C,26.650377
5-4049,D,40.684387
5-4050,C,36.554319
5-4051,C,31.444342
5-4052,B,13.696407
5-4053,C,29.51705
5-4054,A,12.749371
5-4055,D,41.884947
5-4056,D,54.999134
5-4057,B,14.506362
5-4058,C,22.47096
5-4059,C,20.309618
5-4060,A,10.661957
5-4061,C,29.06211
5-4062,A,8.755205
5-4063,B,26.235344
5-4064,C,28.735311
5-4065,C,23.17594
5-4066,B,25.077373
5-4067,C,17.366681
5-4068,B,27.658095
5-4069,D,39.17142
5-4070,A,9.507241
5-4071,D,30.964915
5-4072,D,42.962663
5-4073,D,43.694189
5-4074,C,34.015157
5-4075,A,8.579315
5-4076,C,34.042116
5-4077,A,9.410114
5-4078,A,10.179099
5-4079,D,40.957399
5-4080,C,29.4176
5-4081,D,24.267445
5-4082,D,47.761891
5-4083,D,18.411829
5-4084,D,37.934249
5-4085,A,8.598952
5-4086,C,34.393934
5-4087,D,44.740384
5-4088,A,11.584676
5-4089,A,11.433159
5-4090,B,20.610623
5-4091,D,23.379544
5-4092,C,31.398732
5-4093,D,38.07197
5-4094,A,11.81915
5-4095,C,28.261841
5-4096,B,25.665352
5-4097,B,13.704658
5-4098,B,22.05848
5-4099,C,26.569152
5-4100,D,37.077598
5-4101,B,22.343993
5-4102,A,8.224094
5-4103,C,45.184174
5-4104,C,30.409574
5-4105,C,26.131808
5-4106,A,11.71205
5-4107,B,17.825094
5-4108,B,22.729669
5-4109,A,9.437315
5-4110,C,25.112158
5-4111,A,10.71783
5-4112,D,53.048417
5-4113,D,41.089681
5-4114,C,29.748865
5-4115,D,38.748901
5-4116,B,18.346236
5-4117,A,10.516033
5-4118,B,15.426441
5-4119,A,9.727218
5-4120,A,13.451509
5-4121,A,11.463995
5-4122,D,30.427217
5-4123,B,17.450059
5-4124,A,9.830684
5-4125,D,44.20844
5-4126,D,46.935311
5-4127,B,23.931116
5-4128,A,10.247673
5-4129,C,26.210284
5-4130,A,9.49523
5-4131,C,31.816074
5-4132,A,8.288313
5-4133,B,27.225653
5-4134,A,8.972072
5-4135,D,38.034916
5-4136,A,9.742709
5-4137,C,39.672549
5-4138,D,34.935238
5-4139,A,12.448833
5-4140,C,29.851858
5-4141,B,20.698966
5-4142,D,35.855024
5-4143,A,11.367421
5-4144,B,24.727783
5-4145,A,8.382013
5-4146,C,29.854629
5-4147,D,48.843624
5-4148,A,8.990357
5-4149,B,23.353908
5-4150,A,12.866997
5-4151,A,6.439812
5-4152,C,29.453828
5-4153,C,30.437584
5-4154,C,21.465916
5-4155,C,21.342062
5-4156,A,10.691223
5-4157,B,18.30871
5-4158,C,35.686678
5-4159,C,31.952383
5-4160,D,37.538895
5-4161,C,30.829722
5-4162,A,12.759922
5-4163,C,29.191668
5-4164,C,27.897391
5-4165,D,32.019528
5-4166,B,22.09292
5-4167,B,15.960414
5-4168,A,11.538761
5-4169,C,27.711343
5-4170,B,12.057576
5-4171,A,10.975358
5-4172,B,18.947889
5-4173,D,44.091153
5-4174,A,9.609561
5-4175,D,38.974262
5-4176,D,45.30605
5-4177,A,9.116887
5-4178,C,33.456104
5-4179,B,25.542005
5-4180,B,21.373939
5-4181,A,10.381381
5-4182,B,16.170371
5-4183,B,21.604496
5-4184,B,17.398616
5-4185,A,10.123269
5-4186,B,26.686833
5-4187,A,8.875832
5-4188,B,22.554972
5-4189,B,21.801397
5-4190,B,10.994301
5-4191,A,10.261469
5-4192,B,18.991862
5-4193,B,22.608865
5-4194,B,16.880089
5-4195,B,19.705606
5-4196,C,24.715233
5-4197,D,44.057633
5-4198,D,40.137713
5-4199,C,28.423512
5-4200,A,13.109858
5-4201,C,31.863352
5-4202,B,16.574254
5-4203,C,28.525432
5-4204,A,13.345439
5-4205,C,23.881394
5-4206,B,15.270662
5-4207,C,13.719795
5-4208,D,30.080787
5-4209,A,9.355715
5-4210,D,20.000016
5-4211,C,34.45062
5-4212,A,11.250445
5-4213,A,6.076646
5-4214,C,24.419821
5-4215,A,6.631324
5-4216,C,29.190045
5-4217,C,36.0736
5-4218,C,32.039464
5-4219,A,10.566161
5-4220,D,47.227153
5-4221,B,17.975136
5-4222,D,32.322422
5-4223,C,34.70968
5-4224,C,33.233929
5-4225,C,25.92009
5-4226,B,20.966968
5-4227,D,28.826702
5-4228,B,12.794382
5-4229,D,40.215033
5-4230,D,32.868192
5-4231,C,36.41812
5-4232,A,10.704667
5-4233,C,33.771151
5-4234,B,20.767978
5-4235,A,13.579506
5-4236,D,43.292439
5-4237,C,35.33481
5-4238,C,27.838219
5-4239,D,37.493933
5-4240,A,8.41419
5-4241,B,27.718167
5-4242,D,41.446985
5-4243,A,11.770511
5-4244,C,30.047114
5-4245,C,25.983422
5-4246,A,9.45088
5-4247,B,18.831255
5-4248,C,19.994451
5-4249,D,46.178297
5-4250,A,11.225102
5-4251,D,48.151691
5-4252,B,18.712185
5-4253,B,24.223444
5-4254,D,42.373686
5-4255,A,11.092577
5-4256,D,40.272823
5-4257,D,36.827791
5-4258,B,22.706179
5-4259,C,26.241824
5-4260,C,28.398211
5-4261,C,27.421608
5-4262,D,36.714683
5-4263,C,36.924051
5-4264,D,37.606766
5-4265,B,27.918849
5-4266,D,46.53193
5-4267,A,12.292199
5-4268,D,35.805521
5-4269,D,45.991083
5-4270,A,8.217627
5-4271,B,23.148105
5-4272,C,29.578216
5-4273,A,11.780385
5-4274,A,8.72719
5-4275,C,27.3228
5-4276,A,5.799173
5-4277,B,15.029288
5-4278,C,40.733307
5-4279,D,51.024741
5-4280,B,18.857572
5-4281,A,11.409586
5-4282,D,41.918201
5-4283,D,37.173529
5-4284,A,12.241925
5-4285,D,32.652332
5-4286,C,27.653056
5-4287,C,28.135704
5-4288,C,31.055478
5-4289,C,34.377575
5-4290,B,27.336944
5-4291,D,41.860344
5-4292,A,9.223996
5-4293,A,14.691505
5-4294,D,37.318459
5-4295,A,8.453985
5-4296,C,33.16592
5-4297,D,36.090093
5-4298,D,47.65498
5-4299,A,8.526497
5-4300,A,10.230987
5-4301,D,42.944467
5-4302,A,10.214062
5-4303,A,10.021051
5-4304,C,27.23285
5-4305,C,30.315665
5-4306,C,36.369984
5-4307,A,11.576841
5-4308,C,22.014895
5-4309,C,25.450672
5-4310,C,26.190852
5-4311,D,38.957652
5-4312,B,19.190347
5-4313,D,41.452017
5-4314,B,16.508749
5-4315,A,8.817404
5-4316,A,8.549856
5-4317,A,9.674914
5-4318,D,43.241334
5-4319,B,16.951916
5-4320,D,34.946183
5-4321,A,4.584904
5-4322,A,9.63881
5-4323,C,30.30983
5-4324,D,38.836899
5-4325,B,23.602357
5-4326,A,8.987441
5-4327,A,8.336005
5-4328,C,23.977241
5-4329,A,12.502086
5-4330,A,11.207929
5-4331,B,16.120196
5-4332,A,12.293676
5-4333,D,41.662274
5-4334,B,19.516413
5-4335,D,35.736438
5-4336,B,23.504616
5-4337,B,26.040419
5-4338,D,34.634526
5-4339,C,26.536397
5-4340,B,23.514662
5-4341,A,12.299405
5-4342,C,25.991036
5-4343,B,18.416278
5-4344,C,32.813701
5-4345,B,27.470052
5-4346,D,40.560076
5-4347,C,21.233894
5-4348,C,28.33558
5-4349,C,28.948046
5-4350,B,24.998418
5-4351,B,18.762836
5-4352,C,31.498172
5-4353,C,27.749234
5-4354,D,37.618094
5-4355,D,48.014386
5-4356,A,9.401478
5-4357,D,29.284822
5-4358,B,11.899166
5-4359,C,32.552086
5-4360,A,9.837132
5-4361,A,13.095872
5-4362,D,36.39635
5-4363,A,13.422942
5-4364,B,16.177255
5-4365,A,10.83842
5-4366,B,17.091291
5-4367,B,11.392324
5-4368,D,47.985531
5-4369,B,21.044505
5-4370,B,21.154018
5-4371,C,34.319598
5-4372,D,31.436826
5-4373,C,24.739972
5-4374,C,21.257573
5-4375,B,26.422796
5-4376,B,17.367532
5-4377,C,37.626306
5-4378,D,35.28381
5-4379,D,49.691413
5-4380,D,35.303253
5-4381,A,11.506547
5-4382,B,13.101381
5-4383,C,29.027514
5-4384,D,41.538963
5-4385,D,44.930505
5-4386,D,27.796915
5-4387,A,11.592734
5-4388,B,20.282681
5-4389,B,20.156063
5-4390,B,17.909893
5-4391,D,35.691345
5-4392,C,31.9275
5-4393,C,21.63071
5-4394,B,22.945114
5-4395,B,21.470371
5-4396,C,27.514137
5-4397,C,40.068946
5-4398,D,37.720238
5-4399,B,24.615067
5-4400,D,55.986506
5-4401,B,13.003789
5-4402,C,37.049455
5-4403,B,26.527912
5-4404,A,9.065693
5-4405,C,27.257804
5-4406,B,23.31606
5-4407,A,9.24469
5-4408,C,33.651923
5-4409,C,31.530755
5-4410,D,26.349473
5-4411,D,47.507031
5-4412,B,23.027427
5-4413,A,9.732125
5-4414,C,24.78233
5-4415,A,10.266238
5-4416,A,7.164486
5-4417,A,9.165709
5-4418,A,11.161312
5-4419,B,12.975301
5-4420,B,24.892402
5-4421,B,15.96066
5-4422,C,32.764633
5-4423,A,9.770636
5-4424,D,35.308823
5-4425,B,18.377516
5-4426,B,11.726641
5-4427,A,8.496392
5-4428,C,43.890559
5-4429,D,37.207201
5-4430,B,17.136787
5-4431,B,17.030156
5-4432,A,9.510779
5-4433,D,46.74002
5-4434,A,9.719795
5-4435,C,31.399724
5-4436,A,11.014076
5-4437,D,33.115387
5-4438,D,26.150832
5-4439,A,8.864226
5-4440,A,7.822791
5-4441,A,7.406022
5-4442,B,22.151853
5-4443,B,24.471238
5-4444,B,25.208576
5-4445,D,33.050745
5-4446,B,16.282688
5-4447,D,52.099207
5-4448,A,10.836475
5-4449,B,26.133933
5-4450,A,14.008846
5-4451,C,32.695986
5-4452,D,47.646278
5-4453,B,22.192298
5-4454,B,19.467305
5-4455,C,27.361207
5-4456,C,26.513821
5-4457,D,47.474479
5-4458,D,36.945314
5-4459,D,36.361799
5-4460,A,12.986217
5-4461,C,21.531813
5-4462,D,34.95493
5-4463,B,31.563872
5-4464,A,7.57456
5-4465,D,30.594327
5-4466,A,8.434299
5-4467,D,35.467387
5-4468,D,29.625166
5-4469,D,40.297114
5-4470,B,15.158031
5-4471,A,5.731807
5-4472,C,19.752139
5-4473,D,34.39454
5-4474,C,27.165789
5-4475,A,10.793867
5-4476,A,11.609757
5-4477,C,31.11511
5-4478,C,38.829785
5-4479,C,37.597033
5-4480,D,54.219718
5-4481,D,30.470495
5-4482,B,18.655243
5-4483,D,44.664939
5-4484,A,12.356405
5-4485,D,50.108983
5-4486,D,49.184516
5-4487,C,28.35965
5-4488,C,30.603908
5-4489,B,21.678385
5-4490,A,12.778022
5-4491,D,44.349011
5-4492,C,36.566131
5-4493,C,22.383277
5-4494,C,32.239295
5-4495,D,35.446802
5-4496,C,28.010236
5-4497,B,16.965502
5-4498,A,11.856349
5-4499,D,40.853116
5-4500,A,7.588098
5-4501,A,6.03546
5-4502,B,14.936071
5-4503,A,10.634032
5-4504,C,22.139777
5-4505,B,18.369682
5-4506,C,33.409931
5-4507,C,26.259604
5-4508,B,21.177308
5-4509,C,34.327916
5-4510,C,31.381351
5-4511,C,32.406571
5-4512,D,44.199295
5-4513,A,10.307678
5-4514,A,7.129476
5-4515,A,9.036177
5-4516,A,8.538505
5-4517,C,39.798118
5-4518,A,9.510792
5-4519,A,11.81918
5-4520,C,32.427506
5-4521,B,20.145421
5-4522,C,25.252132
5-4523,B,20.416059
5-4524,D,51.76479
5-4525,C,24.312405
5-4526,A,10.941198
5-4527,D,36.845931
5-4528,C,24.963453
5-4529,C,31.558635
5-4530,B,17.946672
5-4531,B,13.765759
5-4532,C,25.624977
5-4533,D,49.119306
5-4534,A,10.596755
5-4535,A,9.148062
5-4536,A,6.995234
5-4537,C,32.70821
5-4538,B,18.019748
5-4539,D,44.357381
5-4540,C,30.035492
5-4541,D,34.871715
5-4542,B,21.802581
5-4543,A,10.109035
5-4544,B,24.025793
5-4545,D,51.442952
5-4546,D,44.443184
5-4547,B,22.164534
5-4548,A,8.174816
5-4549,B,17.152167
5-4550,A,7.008487
5-4551,A,7.588482
5-4552,D,36.542231
5-4553,A,8.327448
5-4554,C,28.303515
5-4555,C,28.35085
5-4556,B,20.385504
5-4557,B,24.289252
5-4558,C,33.511309
5-4559,D,36.383107
5-4560,A,9.362663
5-4561,B,19.745336
5-4562,D,41.509524
5-4563,D,22.036886
5-4564,B,20.310842
5-4565,A,8.679343
5-4566,D,47.843556
5-4567,C,36.963317
5-4568,B,20.055592
5-4569,B,20.894939
5-4570,B,17.964392
5-4571,D,46.722572
5-4572,C,25.703397
5-4573,A,10.515224
5-4574,B,22.605615
5-4575,A,9.325423
5-4576,C,35.211937
5-4577,B,22.249381
5-4578,C,39.965025
5-4579,C,29.179403
5-4580,B,23.696077
5-4581,B,24.526293
5-4582,A,7.201162
5-4583,A,13.058278
5-4584,A,12.866211
5-4585,C,29.827554
5-4586,A,10.03813
5-4587,D,47.500724
5-4588,C,33.698024
5-4589,D,53.966261
5-4590,D,34.550696
5-4591,C,30.099158
5-4592,D,49.21238
5-4593,C,23.646675
5-4594,A,9.966884
5-4595,B,16.612228
5-4596,B,14.31615
5-4597,B,19.461354
5-4598,B,24.479236
5-4599,C,23.797182
5-4600,C,28.263092
5-4601,D,25.272055
5-4602,B,18.727289
5-4603,D,29.532879
5-4604,C,36.530069
5-4605,B,19.269017
5-4606,B,18.850847
5-4607,D,43.313082
5-4608,A,11.963768
5-4609,A,9.742945
5-4610,D,38.934727
5-4611,A,11.081591
5-4612,C,29.327047
5-4613,C,33.423646
5-4614,D,38.964653
5-4615,D,39.980244
5-4616,C,36.038147
5-4617,B,20.368641
5-4618,D,26.589318
5-4619,C,18.678558
5-4620,A,9.932218
5-4621,C,42.020355
5-4622,B,16.014753
5-4623,D,47.445386
5-4624,B,21.785707
5-4625,C,24.411399
5-4626,B,17.753785
5-4627,A,10.255055
5-4628,B,23.464932
5-4629,C,26.756952
5-4630,C,33.765502
5-4631,D,38.053761
5-4632,D,20.804501
5-4633,D,38.832246
5-4634,D,33.225888
5-4635,D,40.909216
5-4636,B,16.368695
5-4637,B,23.145061
5-4638,A,10.673298
5-4639,B,18.918635
5-4640,B,20.850401
5-4641,B,24.550851
5-4642,A,10.046485
5-4643,D,39.661075
5-4644,D,47.514066
5-4645,A,11.777995
5-4646,C,33.042172
5-4647,A,8.721556
5-4648,C,37.141152
5-4649,C,36.67472
5-4650,D,60.666316
5-4651,A,8.352839
5-4652,B,14.915883
5-4653,C,27.798772
5-4654,B,14.061541
5-4655,B,24.410616
5-4656,B,24.355046
5-4657,C,28.783237
5-4658,D,52.510293
5-4659,A,11.511072
5-4660,D,31.15815
5-4661,C,36.031342
5-4662,B,18.114369
5-4663,C,27.322145
5-4664,D,37.583017
5-4665,C,29.679777
5-4666,A,9.692319
5-4667,A,10.160294
5-4668,B,18.525768
5-4669,D,52.959787
5-4670,A,10.560248
5-4671,D,41.20194
5-4672,B,27.605876
5-4673,B,21.180979
5-4674,B,23.91985
5-4675,C,23.990804
5-4676,C,26.710475
5-4677,B,12.914127
5-4678,B,21.063545
5-4679,B,19.876164
5-4680,B,22.307891
5-4681,B,26.67254
5-4682,C,29.69885
5-4683,B,17.727568
5-4684,C,38.468005
5-4685,B,22.554051
5-4686,D,40.740622
5-4687,B,15.510619
5-4688,D,33.092667
5-4689,D,34.873778
5-4690,D,58.955015
5-4691,B,18.819393
5-4692,B,15.591387
5-4693,C,35.366451
5-4694,B,24.689678
5-4695,D,50.017799
5-4696,C,33.660537
5-4697,C,32.804634
5-4698,D,36.6339
5-4699,A,11.34825
5-4700,D,40.972761
5-4701,A,10.358933
5-4702,C,22.741114
5-4703,C,15.543645
5-4704,A,7.343786
5-4705,B,16.739611
5-4706,A,11.239954
5-4707,A,12.366132
5-4708,A,10.870372
5-4709,C,39.782396
5-4710,B,22.478609
5-4711,A,9.33974
5-4712,C,36.340675
5-4713,A,8.432295
5-4714,A,9.137663
5-4715,D,29.211155
5-4716,B,20.646438
5-4717,C,29.226386
5-4718,A,13.344775
5-4719,C,29.916851
5-4720,C,34.620418
5-4721,B,21.06105
5-4722,B,13.029809
5-4723,B,22.708267
5-4724,A,11.520193
5-4725,C,35.662102
5-4726,A,10.587278
5-4727,D,32.133637
5-4728,B,30.122574
5-4729,B,18.653369
5-4730,C,33.534876
5-4731,C,23.652224
5-4732,A,12.741041
5-4733,D,36.009307
5-4734,B,23.192092
5-4735,B,23.517592
5-4736,D,57.109749
5-4737,C,31.127443
5-4738,D,38.417347
5-4739,A,8.377838
5-4740,B,10.948884
5-4741,B,21.385129
5-4742,D,44.354735
5-4743,C,25.679862
5-4744,A,9.795073
5-4745,B,17.941363
5-4746,C,35.516815
5-4747,C,33.200717
5-4748,D,14.829544
5-4749,A,9.324385
5-4750,D,37.160656
5-4751,D,53.551289
5-4752,D,42.821145
5-4753,D,34.242333
5-4754,A,10.542324
5-4755,A,8.903466
5-4756,A,10.681053
5-4757,A,5.876286
5-4758,C,18.228746
5-4759,C,28.40649
5-4760,A,11.343332
5-4761,A,7.855291
5-4762,A,10.30623
5-4763,C,28.242009
5-4764,D,45.000634
5-4765,C,31.106039
5-4766,B,24.368846
5-4767,D,32.771249
5-4768,B,19.311948
5-4769,C,29.933447
5-4770,A,6.219788
5-4771,B,18.16727
5-4772,C,20.1079
5-4773,D,46.3285
5-4774,D,43.276276
5-4775,B,16.338227
5-4776,D,48.487098
5-4777,B,22.887049
5-4778,D,28.857652
5-4779,C,28.477772
5-4780,D,27.854539
5-4781,D,39.037668
5-4782,A,6.235888
5-4783,B,17.798382
5-4784,B,17.907554
5-4785,D,51.144474
5-4786,A,9.50169
5-4787,C,32.110527
5-4788,D,40.050552
5-4789,A,10.115099
5-4790,B,22.398823
5-4791,A,9.983879
5-4792,B,21.222738
5-4793,C,31.591286
5-4794,B,16.880693
5-4795,A,13.864855
5-4796,C,29.906819
5-4797,C,28.770059
5-4798,C,25.060775
5-4799,C,34.53478
5-4800,B,21.4788
5-4801,B,15.072953
5-4802,C,19.983133
5-4803,A,8.174176
5-4804,A,12.417487
5-4805,D,35.433891
5-4806,B,20.077283
5-4807,A,11.888141
5-4808,C,34.532696
5-4809,A,11.156729
5-4810,B,18.092603
5-4811,D,35.956829
5-4812,D,41.934439
5-4813,A,9.407302
5-4814,D,38.892714
5-4815,D,36.373054
5-4816,C,33.167975
5-4817,B,17.270341
5-4818,A,12.206714
5-4819,B,17.961341
5-4820,C,31.54808
5-4821,A,5.549878
5-4822,A,7.448245
5-4823,B,18.874256
5-4824,B,20.588349
5-4825,C,25.487905
5-4826,A,9.00347
5-4827,C,35.727189
5-4828,D,40.185843
5-4829,B,17.551022
5-4830,D,47.016938
5-4831,D,30.770381
5-4832,B,30.557716
5-4833,A,10.856557
5-4834,D,51.753935
5-4835,C,30.421775
5-4836,C,36.52544
5-4837,B,18.650679
5-4838,B,25.088351
5-4839,A,11.163632
5-4840,D,53.516113
5-4841,D,44.95198
5-4842,D,40.389203
5-4843,A,12.144476
5-4844,C,31.795499
5-4845,C,22.348375
5-4846,C,28.015125
5-4847,A,5.523503
5-4848,C,19.645262
5-4849,C,31.214141
5-4850,D,54.470672
5-4851,B,24.48736
5-4852,D,31.58529
5-4853,D,58.596056
5-4854,C,35.114154
5-4855,D,45.009245
5-4856,D,36.869853
5-4857,D,41.731245
5-4858,A,13.656018
5-4859,B,18.659262
5-4860,A,10.351399
5-4861,A,9.853661
5-4862,C,22.793246
5-4863,B,15.134483
5-4864,C,23.688983
5-4865,B,18.030549
5-4866,D,45.2693
5-4867,C,38.741057
5-4868,B,17.645195
5-4869,C,35.183804
5-4870,A,8.932364
5-4871,B,11.36436
5-4872,B,15.717688
5-4873,C,39.174278
5-4874,A,11.119915
5-4875,D,32.987781
5-4876,B,20.085479
5-4877,B,12.603314
5-4878,C,33.406626
5-4879,D,38.641235
5-4880,C,32.317891
5-4881,A,13.660762
5-4882,A,11.362964
5-4883,B,21.170429
5-4884,A,8.510829
5-4885,A,9.354461
5-4886,B,12.686915
5-4887,D,40.921302
5-4888,C,19.286175
5-4889,A,8.735896
5-4890,A,10.457521
5-4891,C,28.889118
5-4892,D,39.886813
5-4893,C,30.148117
5-4894,D,37.895524
5-4895,A,9.835363
5-4896,C,27.439281
5-4897,D,37.154254
5-4898,A,9.825822
5-4899,A,11.297753
5-4900,A,8.697508
5-4901,D,39.463337
5-4902,C,22.652705
5-4903,D,38.090962
5-4904,B,12.641406
5-4905,D,49.526472
5-4906,A,8.878295
5-4907,D,42.729605
5-4908,D,46.632894
5-4909,D,34.186685
5-4910,C,32.444269
5-4911,C,35.669493
5-4912,B,17.909185
5-4913,C,22.230866
5-4914,C,27.750286
5-4915,D,29.084858
5-4916,A,9.258279
5-4917,B,17.235543
5-4918,C,28.312635
5-4919,D,44.224271
5-4920,D,42.176859
5-4921,D,40.493008
5-4922,C,31.57901
5-4923,D,39.041738
5-4924,B,19.251465
5-4925,A,13.82771
5-4926,D,20.96979
5-4927,C,35.454366
5-4928,A,13.357764
5-4929,A,12.485706
5-4930,B,18.584497
5-4931,C,29.65607
5-4932,A,9.63354
5-4933,A,11.157322
5-4934,B,19.074068
5-4935,C,38.269692
5-4936,B,12.084993
5-4937,B,17.311961
5-4938,A,11.585886
5-4939,C,27.962752
5-4940,D,44.024729
5-4941,D,48.137549
5-4942,B,22.158334
5-4943,B,12.643269
5-4944,B,17.98388
5-4945,B,21.269715
5-4946,B,25.623087
5-4947,A,10.863477
5-4948,B,17.621129
5-4949,C,39.755503
5-4950,D,36.339968
5-4951,B,17.296167
5-4952,B,25.583883
5-4953,A,5.285855
5-4954,C,27.684973
5-4955,D,50.400837
5-4956,A,6.411268
5-4957,B,20.57956
5-4958,A,10.449084
5-4959,A,7.783824
5-4960,A,8.918847
5-4961,C,20.976247
5-4962,D,37.166122
5-4963,A,10.250469
5-4964,C,37.388987
5-4965,B,24.516501
5-4966,C,16.944837
5-4967,C,38.996584
5-4968,D,38.504803
5-4969,A,8.999022
5-4970,A,10.286167
5-4971,D,41.428605
5-4972,C,29.073547
5-4973,A,10.314217
5-4974,C,29.305203
5-4975,D,42.990141
5-4976,D,39.010089
5-4977,C,28.42432
5-4978,D,47.444334
5-4979,D,34.298517
5-4980,B,22.783405
5-4981,B,11.776958
5-4982,A,11.12954
5-4983,B,23.753089
5-4984,B,19.226575
5-4985,B,19.668471
5-4986,D,52.989503
5-4987,D,42.413488
5-4988,D,39.429536
5-4989,D,38.149443
5-4990,B,27.570052
5-4991,B,20.228833
5-4992,C,21.851382
5-4993,B,19.334057
5-4994,B,14.965046
5-4995,D,26.490963
5-4996,C,24.014548
5-4997,C,33.268827
5-4998,D,32.343555
5-4999,B,23.250204
